pmcid,source,honey_label,organism_label,organism,outcome,concentration_pct,condition,value,sd,unit,censor,extract_method,context,measure,unit_raw,unit_basis,is_manuka,is_artificial,is_medical,title,year,doi,pmid,journal,study_id,hkey,Brix,DHA,GOx,H2O2,HMF,MGO,TFC,TPC,aw,color,density,diastase,electrical_cond,free_acidity,moisture,pH,phenol_equiv,proline,sugar_total,logmic
PMC10211265,t1,ALH1,S. typhimurium,Salmonella,MIC,,untreated,25.0,,%,,auto_A,Minimum inhibitory concentration (MIC) and minimum bactericidal concentration (MBC) of honey samples against  S. typhimurium . || Samples | S. typhimurium |  || MIC (%) | MBC (%) |  || ALH1 | 25 | 30 ,MIC,%,% (basis unspecified),False,False,False,Antioxidant and antibacterial activity of Apis laboriosa honey against Salmonella enterica serovar Typhimurium.,2023.0,10.3389/fnut.2023.1181492,37252242.0,Frontiers in nutrition,PMC10211265,alh1,,,,,1.12,,18.99,55.48,,,,,,,21.4,3.89,,,40.98,1.3979400086720377
PMC10211265,t1,ALH2,S. typhimurium,Salmonella,MIC,,untreated,30.0,,%,,auto_A,Minimum inhibitory concentration (MIC) and minimum bactericidal concentration (MBC) of honey samples against  S. typhimurium . || Samples | S. typhimurium |  || MIC (%) | MBC (%) |  || ALH1 | 25 | 30 ,MIC,%,% (basis unspecified),False,False,False,Antioxidant and antibacterial activity of Apis laboriosa honey against Salmonella enterica serovar Typhimurium.,2023.0,10.3389/fnut.2023.1181492,37252242.0,Frontiers in nutrition,PMC10211265,alh2,,,,,3.76,,27.82,62.11,,,,,,,16.96,4.12,,,36.36,1.4771212547196624
PMC10211265,t1,ALH3,S. typhimurium,Salmonella,MIC,,untreated,20.0,,%,,auto_A,Minimum inhibitory concentration (MIC) and minimum bactericidal concentration (MBC) of honey samples against  S. typhimurium . || Samples | S. typhimurium |  || MIC (%) | MBC (%) |  || ALH1 | 25 | 30 ,MIC,%,% (basis unspecified),False,False,False,Antioxidant and antibacterial activity of Apis laboriosa honey against Salmonella enterica serovar Typhimurium.,2023.0,10.3389/fnut.2023.1181492,37252242.0,Frontiers in nutrition,PMC10211265,alh3,,,,,0.31,,12.55,52.54,,,,,,,23.94,4.17,,,32.51,1.3010299956639813
PMC10211265,t1,ALH4,S. typhimurium,Salmonella,MIC,,untreated,30.0,,%,,auto_A,Minimum inhibitory concentration (MIC) and minimum bactericidal concentration (MBC) of honey samples against  S. typhimurium . || Samples | S. typhimurium |  || MIC (%) | MBC (%) |  || ALH1 | 25 | 30 ,MIC,%,% (basis unspecified),False,False,False,Antioxidant and antibacterial activity of Apis laboriosa honey against Salmonella enterica serovar Typhimurium.,2023.0,10.3389/fnut.2023.1181492,37252242.0,Frontiers in nutrition,PMC10211265,alh4,,,,,0.45,,51.62,123.16,,,,,,,23.55,4.29,,,28.81,1.4771212547196624
PMC10211265,t1,ALH5,S. typhimurium,Salmonella,MIC,,untreated,25.0,,%,,auto_A,Minimum inhibitory concentration (MIC) and minimum bactericidal concentration (MBC) of honey samples against  S. typhimurium . || Samples | S. typhimurium |  || MIC (%) | MBC (%) |  || ALH1 | 25 | 30 ,MIC,%,% (basis unspecified),False,False,False,Antioxidant and antibacterial activity of Apis laboriosa honey against Salmonella enterica serovar Typhimurium.,2023.0,10.3389/fnut.2023.1181492,37252242.0,Frontiers in nutrition,PMC10211265,alh5,,,,,0.5,,3.03,49.18,,,,,,,26.41,3.99,,,31.7,1.3979400086720377
PMC11675739,t2,S3,Staphylococcus aureus ATCC 25923,S. aureus,MIC,,untreated,12.33,,%,,auto_A,Antimicrobial activity in honeys in the western region of Algeria. ||  | Gram-Positive |  |  |  |  |  |  |  |  |  | Gram-Negative |  |  |  |  ||  | Staphylococcus aureus ATCC 43300 |  |  |  |  | Staph,MIC,%w/v,%w/v,False,False,False,"Bioactive Compounds, Antioxidant Properties, and Antimicrobial Profiling of a Range of West Algerian Honeys: In Vitro Comparative Screening Prior to Therapeutic Purpose.",2024.0,10.3390/foods13244120,39767065.0,"Foods (Basel, Switzerland)",PMC11675739,s3,,,,,,,2.47,57.64,,,,,,,,3.88,,,,1.0909630765957317
PMC11675739,t2,S5,Staphylococcus aureus ATCC 43300,S. aureus,MIC,,untreated,13.33,,%,,auto_A,Antimicrobial activity in honeys in the western region of Algeria. ||  | Gram-Positive |  |  |  |  |  |  |  |  |  | Gram-Negative |  |  |  |  ||  | Staphylococcus aureus ATCC 43300 |  |  |  |  | Staph,MIC,%w/v,%w/v,False,False,False,"Bioactive Compounds, Antioxidant Properties, and Antimicrobial Profiling of a Range of West Algerian Honeys: In Vitro Comparative Screening Prior to Therapeutic Purpose.",2024.0,10.3390/foods13244120,39767065.0,"Foods (Basel, Switzerland)",PMC11675739,s5,,,,,,,9.35,42.91,,,,,,,,5.62,,,,1.1248301494138593
PMC11675739,t2,S5,Staphylococcus aureus ATCC 25923,S. aureus,MIC,,untreated,28.33,,%,,auto_A,Antimicrobial activity in honeys in the western region of Algeria. ||  | Gram-Positive |  |  |  |  |  |  |  |  |  | Gram-Negative |  |  |  |  ||  | Staphylococcus aureus ATCC 43300 |  |  |  |  | Staph,MIC,%w/v,%w/v,False,False,False,"Bioactive Compounds, Antioxidant Properties, and Antimicrobial Profiling of a Range of West Algerian Honeys: In Vitro Comparative Screening Prior to Therapeutic Purpose.",2024.0,10.3390/foods13244120,39767065.0,"Foods (Basel, Switzerland)",PMC11675739,s5,,,,,,,9.35,42.91,,,,,,,,5.62,,,,1.4522465745204372
PMC11675739,t2,S6,Staphylococcus aureus ATCC 43300,S. aureus,MIC,,untreated,14.33,,%,,auto_A,Antimicrobial activity in honeys in the western region of Algeria. ||  | Gram-Positive |  |  |  |  |  |  |  |  |  | Gram-Negative |  |  |  |  ||  | Staphylococcus aureus ATCC 43300 |  |  |  |  | Staph,MIC,%w/v,%w/v,False,False,False,"Bioactive Compounds, Antioxidant Properties, and Antimicrobial Profiling of a Range of West Algerian Honeys: In Vitro Comparative Screening Prior to Therapeutic Purpose.",2024.0,10.3390/foods13244120,39767065.0,"Foods (Basel, Switzerland)",PMC11675739,s6,,,,,,,17.26,71.18,,,,,,,,3.99,,,,1.1562461903973444
PMC11675739,t2,S6,Staphylococcus aureus ATCC 25923,S. aureus,MIC,,untreated,14.0,,%,,auto_A,Antimicrobial activity in honeys in the western region of Algeria. ||  | Gram-Positive |  |  |  |  |  |  |  |  |  | Gram-Negative |  |  |  |  ||  | Staphylococcus aureus ATCC 43300 |  |  |  |  | Staph,MIC,%w/v,%w/v,False,False,False,"Bioactive Compounds, Antioxidant Properties, and Antimicrobial Profiling of a Range of West Algerian Honeys: In Vitro Comparative Screening Prior to Therapeutic Purpose.",2024.0,10.3390/foods13244120,39767065.0,"Foods (Basel, Switzerland)",PMC11675739,s6,,,,,,,17.26,71.18,,,,,,,,3.99,,,,1.146128035678238
PMC11675739,t2,S8,Staphylococcus aureus ATCC 25923,S. aureus,MIC,,untreated,13.33,,%,,auto_A,Antimicrobial activity in honeys in the western region of Algeria. ||  | Gram-Positive |  |  |  |  |  |  |  |  |  | Gram-Negative |  |  |  |  ||  | Staphylococcus aureus ATCC 43300 |  |  |  |  | Staph,MIC,%w/v,%w/v,False,False,False,"Bioactive Compounds, Antioxidant Properties, and Antimicrobial Profiling of a Range of West Algerian Honeys: In Vitro Comparative Screening Prior to Therapeutic Purpose.",2024.0,10.3390/foods13244120,39767065.0,"Foods (Basel, Switzerland)",PMC11675739,s8,,,,,,,4.85,54.82,,,,,,,,4.28,,,,1.1248301494138593
PMC11675739,t2,S11,Staphylococcus aureus ATCC 25923,S. aureus,MIC,,untreated,10.33,,%,,auto_A,Antimicrobial activity in honeys in the western region of Algeria. ||  | Gram-Positive |  |  |  |  |  |  |  |  |  | Gram-Negative |  |  |  |  ||  | Staphylococcus aureus ATCC 43300 |  |  |  |  | Staph,MIC,%w/v,%w/v,False,False,False,"Bioactive Compounds, Antioxidant Properties, and Antimicrobial Profiling of a Range of West Algerian Honeys: In Vitro Comparative Screening Prior to Therapeutic Purpose.",2024.0,10.3390/foods13244120,39767065.0,"Foods (Basel, Switzerland)",PMC11675739,s11,,,,,,,5.76,44.25,,,,,,,,4.6,,,,1.0141003215196205
PMC11675739,t2,S11,Pseudomonas aeruginosa ATCC 27853,P. aeruginosa,MIC,,untreated,8.0,,%,,auto_A,Antimicrobial activity in honeys in the western region of Algeria. ||  | Gram-Positive |  |  |  |  |  |  |  |  |  | Gram-Negative |  |  |  |  ||  | Staphylococcus aureus ATCC 43300 |  |  |  |  | Staph,MIC,%w/v,%w/v,False,False,False,"Bioactive Compounds, Antioxidant Properties, and Antimicrobial Profiling of a Range of West Algerian Honeys: In Vitro Comparative Screening Prior to Therapeutic Purpose.",2024.0,10.3390/foods13244120,39767065.0,"Foods (Basel, Switzerland)",PMC11675739,s11,,,,,,,5.76,44.25,,,,,,,,4.6,,,,0.9030899869919435
PMC11675739,t2,S13,Staphylococcus aureus ATCC 25923,S. aureus,MIC,,untreated,15.67,,%,,auto_A,Antimicrobial activity in honeys in the western region of Algeria. ||  | Gram-Positive |  |  |  |  |  |  |  |  |  | Gram-Negative |  |  |  |  ||  | Staphylococcus aureus ATCC 43300 |  |  |  |  | Staph,MIC,%w/v,%w/v,False,False,False,"Bioactive Compounds, Antioxidant Properties, and Antimicrobial Profiling of a Range of West Algerian Honeys: In Vitro Comparative Screening Prior to Therapeutic Purpose.",2024.0,10.3390/foods13244120,39767065.0,"Foods (Basel, Switzerland)",PMC11675739,s13,,,,,,,13.37,52.23,,,,,,,,4.11,,,,1.19506899646859
PMC11675739,t2,S14,Staphylococcus aureus ATCC 25923,S. aureus,MIC,,untreated,9.0,,%,,auto_A,Antimicrobial activity in honeys in the western region of Algeria. ||  | Gram-Positive |  |  |  |  |  |  |  |  |  | Gram-Negative |  |  |  |  ||  | Staphylococcus aureus ATCC 43300 |  |  |  |  | Staph,MIC,%w/v,%w/v,False,False,False,"Bioactive Compounds, Antioxidant Properties, and Antimicrobial Profiling of a Range of West Algerian Honeys: In Vitro Comparative Screening Prior to Therapeutic Purpose.",2024.0,10.3390/foods13244120,39767065.0,"Foods (Basel, Switzerland)",PMC11675739,s14,,,,,,,9.54,56.55,,,,,,,,4.63,,,,0.9542425094393249
PMC11675739,t2,S19,Staphylococcus aureus ATCC 25923,S. aureus,MIC,,untreated,12.33,,%,,auto_A,Antimicrobial activity in honeys in the western region of Algeria. ||  | Gram-Positive |  |  |  |  |  |  |  |  |  | Gram-Negative |  |  |  |  ||  | Staphylococcus aureus ATCC 43300 |  |  |  |  | Staph,MIC,%w/v,%w/v,False,False,False,"Bioactive Compounds, Antioxidant Properties, and Antimicrobial Profiling of a Range of West Algerian Honeys: In Vitro Comparative Screening Prior to Therapeutic Purpose.",2024.0,10.3390/foods13244120,39767065.0,"Foods (Basel, Switzerland)",PMC11675739,s19,,,,,,,5.04,39.62,,,,,,,,5.12,,,,1.0909630765957317
PMC11675739,t2,S20,Staphylococcus aureus ATCC 25923,S. aureus,MIC,,untreated,13.0,,%,,auto_A,Antimicrobial activity in honeys in the western region of Algeria. ||  | Gram-Positive |  |  |  |  |  |  |  |  |  | Gram-Negative |  |  |  |  ||  | Staphylococcus aureus ATCC 43300 |  |  |  |  | Staph,MIC,%w/v,%w/v,False,False,False,"Bioactive Compounds, Antioxidant Properties, and Antimicrobial Profiling of a Range of West Algerian Honeys: In Vitro Comparative Screening Prior to Therapeutic Purpose.",2024.0,10.3390/foods13244120,39767065.0,"Foods (Basel, Switzerland)",PMC11675739,s20,,,,,,,5.53,32.87,,,,,,,,4.4,,,,1.1139433523068367
PMC11675739,t2,S20,Pseudomonas aeruginosa ATCC 27853,P. aeruginosa,MIC,,untreated,8.0,,%,,auto_A,Antimicrobial activity in honeys in the western region of Algeria. ||  | Gram-Positive |  |  |  |  |  |  |  |  |  | Gram-Negative |  |  |  |  ||  | Staphylococcus aureus ATCC 43300 |  |  |  |  | Staph,MIC,%w/v,%w/v,False,False,False,"Bioactive Compounds, Antioxidant Properties, and Antimicrobial Profiling of a Range of West Algerian Honeys: In Vitro Comparative Screening Prior to Therapeutic Purpose.",2024.0,10.3390/foods13244120,39767065.0,"Foods (Basel, Switzerland)",PMC11675739,s20,,,,,,,5.53,32.87,,,,,,,,4.4,,,,0.9030899869919435
PMC11675739,t2,S21,Staphylococcus aureus ATCC 43300,S. aureus,MIC,,untreated,14.33,,%,,auto_A,Antimicrobial activity in honeys in the western region of Algeria. ||  | Gram-Positive |  |  |  |  |  |  |  |  |  | Gram-Negative |  |  |  |  ||  | Staphylococcus aureus ATCC 43300 |  |  |  |  | Staph,MIC,%w/v,%w/v,False,False,False,"Bioactive Compounds, Antioxidant Properties, and Antimicrobial Profiling of a Range of West Algerian Honeys: In Vitro Comparative Screening Prior to Therapeutic Purpose.",2024.0,10.3390/foods13244120,39767065.0,"Foods (Basel, Switzerland)",PMC11675739,s21,,,,,,,7.11,61.57,,,,,,,,4.19,,,,1.1562461903973444
PMC11675739,t2,S21,Staphylococcus aureus ATCC 25923,S. aureus,MIC,,untreated,14.33,,%,,auto_A,Antimicrobial activity in honeys in the western region of Algeria. ||  | Gram-Positive |  |  |  |  |  |  |  |  |  | Gram-Negative |  |  |  |  ||  | Staphylococcus aureus ATCC 43300 |  |  |  |  | Staph,MIC,%w/v,%w/v,False,False,False,"Bioactive Compounds, Antioxidant Properties, and Antimicrobial Profiling of a Range of West Algerian Honeys: In Vitro Comparative Screening Prior to Therapeutic Purpose.",2024.0,10.3390/foods13244120,39767065.0,"Foods (Basel, Switzerland)",PMC11675739,s21,,,,,,,7.11,61.57,,,,,,,,4.19,,,,1.1562461903973444
PMC11675739,t2,S23,Staphylococcus aureus ATCC 25923,S. aureus,MIC,,untreated,30.0,,%,,auto_A,Antimicrobial activity in honeys in the western region of Algeria. ||  | Gram-Positive |  |  |  |  |  |  |  |  |  | Gram-Negative |  |  |  |  ||  | Staphylococcus aureus ATCC 43300 |  |  |  |  | Staph,MIC,%w/v,%w/v,False,False,False,"Bioactive Compounds, Antioxidant Properties, and Antimicrobial Profiling of a Range of West Algerian Honeys: In Vitro Comparative Screening Prior to Therapeutic Purpose.",2024.0,10.3390/foods13244120,39767065.0,"Foods (Basel, Switzerland)",PMC11675739,s23,,,,,,,13.37,48.69,,,,,,,,4.27,,,,1.4771212547196624
PMC11675739,t2,S24,Staphylococcus aureus ATCC 25923,S. aureus,MIC,,untreated,17.67,,%,,auto_A,Antimicrobial activity in honeys in the western region of Algeria. ||  | Gram-Positive |  |  |  |  |  |  |  |  |  | Gram-Negative |  |  |  |  ||  | Staphylococcus aureus ATCC 43300 |  |  |  |  | Staph,MIC,%w/v,%w/v,False,False,False,"Bioactive Compounds, Antioxidant Properties, and Antimicrobial Profiling of a Range of West Algerian Honeys: In Vitro Comparative Screening Prior to Therapeutic Purpose.",2024.0,10.3390/foods13244120,39767065.0,"Foods (Basel, Switzerland)",PMC11675739,s24,,,,,,,4.4,33.5,,,,,,,,3.88,,,,1.247236549506764
PMC11675739,t2,S25,Staphylococcus aureus ATCC 43300,S. aureus,MIC,,untreated,14.33,,%,,auto_A,Antimicrobial activity in honeys in the western region of Algeria. ||  | Gram-Positive |  |  |  |  |  |  |  |  |  | Gram-Negative |  |  |  |  ||  | Staphylococcus aureus ATCC 43300 |  |  |  |  | Staph,MIC,%w/v,%w/v,False,False,False,"Bioactive Compounds, Antioxidant Properties, and Antimicrobial Profiling of a Range of West Algerian Honeys: In Vitro Comparative Screening Prior to Therapeutic Purpose.",2024.0,10.3390/foods13244120,39767065.0,"Foods (Basel, Switzerland)",PMC11675739,s25,,,,,,,9.4,43.34,,,,,,,,4.1,,,,1.1562461903973444
PMC11675739,t2,S25,Staphylococcus aureus ATCC 25923,S. aureus,MIC,,untreated,12.33,,%,,auto_A,Antimicrobial activity in honeys in the western region of Algeria. ||  | Gram-Positive |  |  |  |  |  |  |  |  |  | Gram-Negative |  |  |  |  ||  | Staphylococcus aureus ATCC 43300 |  |  |  |  | Staph,MIC,%w/v,%w/v,False,False,False,"Bioactive Compounds, Antioxidant Properties, and Antimicrobial Profiling of a Range of West Algerian Honeys: In Vitro Comparative Screening Prior to Therapeutic Purpose.",2024.0,10.3390/foods13244120,39767065.0,"Foods (Basel, Switzerland)",PMC11675739,s25,,,,,,,9.4,43.34,,,,,,,,4.1,,,,1.0909630765957317
PMC11675739,t2,S27,Staphylococcus aureus ATCC 25923,S. aureus,MIC,,untreated,10.33,,%,,auto_A,Antimicrobial activity in honeys in the western region of Algeria. ||  | Gram-Positive |  |  |  |  |  |  |  |  |  | Gram-Negative |  |  |  |  ||  | Staphylococcus aureus ATCC 43300 |  |  |  |  | Staph,MIC,%w/v,%w/v,False,False,False,"Bioactive Compounds, Antioxidant Properties, and Antimicrobial Profiling of a Range of West Algerian Honeys: In Vitro Comparative Screening Prior to Therapeutic Purpose.",2024.0,10.3390/foods13244120,39767065.0,"Foods (Basel, Switzerland)",PMC11675739,s27,,,,,,,10.84,46.53,,,,,,,,4.29,,,,1.0141003215196205
PMC11675739,t2,S27,Pseudomonas aeruginosa ATCC 27853,P. aeruginosa,MIC,,untreated,8.0,,%,,auto_A,Antimicrobial activity in honeys in the western region of Algeria. ||  | Gram-Positive |  |  |  |  |  |  |  |  |  | Gram-Negative |  |  |  |  ||  | Staphylococcus aureus ATCC 43300 |  |  |  |  | Staph,MIC,%w/v,%w/v,False,False,False,"Bioactive Compounds, Antioxidant Properties, and Antimicrobial Profiling of a Range of West Algerian Honeys: In Vitro Comparative Screening Prior to Therapeutic Purpose.",2024.0,10.3390/foods13244120,39767065.0,"Foods (Basel, Switzerland)",PMC11675739,s27,,,,,,,10.84,46.53,,,,,,,,4.29,,,,0.9030899869919435
PMC11675739,t2,S30,Staphylococcus aureus ATCC 25923,S. aureus,MIC,,untreated,13.33,,%,,auto_A,Antimicrobial activity in honeys in the western region of Algeria. ||  | Gram-Positive |  |  |  |  |  |  |  |  |  | Gram-Negative |  |  |  |  ||  | Staphylococcus aureus ATCC 43300 |  |  |  |  | Staph,MIC,%w/v,%w/v,False,False,False,"Bioactive Compounds, Antioxidant Properties, and Antimicrobial Profiling of a Range of West Algerian Honeys: In Vitro Comparative Screening Prior to Therapeutic Purpose.",2024.0,10.3390/foods13244120,39767065.0,"Foods (Basel, Switzerland)",PMC11675739,s30,,,,,,,13.37,36.37,,,,,,,,4.0,,,,1.1248301494138593
PMC11675739,t2,S30,Pseudomonas aeruginosa ATCC 27853,P. aeruginosa,MIC,,untreated,8.67,,%,,auto_A,Antimicrobial activity in honeys in the western region of Algeria. ||  | Gram-Positive |  |  |  |  |  |  |  |  |  | Gram-Negative |  |  |  |  ||  | Staphylococcus aureus ATCC 43300 |  |  |  |  | Staph,MIC,%w/v,%w/v,False,False,False,"Bioactive Compounds, Antioxidant Properties, and Antimicrobial Profiling of a Range of West Algerian Honeys: In Vitro Comparative Screening Prior to Therapeutic Purpose.",2024.0,10.3390/foods13244120,39767065.0,"Foods (Basel, Switzerland)",PMC11675739,s30,,,,,,,13.37,36.37,,,,,,,,4.0,,,,0.9380190974762103
PMC11675739,t2,S32,Staphylococcus aureus ATCC 43300,S. aureus,MIC,,untreated,11.33,,%,,auto_A,Antimicrobial activity in honeys in the western region of Algeria. ||  | Gram-Positive |  |  |  |  |  |  |  |  |  | Gram-Negative |  |  |  |  ||  | Staphylococcus aureus ATCC 43300 |  |  |  |  | Staph,MIC,%w/v,%w/v,False,False,False,"Bioactive Compounds, Antioxidant Properties, and Antimicrobial Profiling of a Range of West Algerian Honeys: In Vitro Comparative Screening Prior to Therapeutic Purpose.",2024.0,10.3390/foods13244120,39767065.0,"Foods (Basel, Switzerland)",PMC11675739,s32,,,,,,,12.65,40.27,,,,,,,,4.69,,,,1.0542299098633972
PMC11675739,t2,S32,Staphylococcus aureus ATCC 25923,S. aureus,MIC,,untreated,12.33,,%,,auto_A,Antimicrobial activity in honeys in the western region of Algeria. ||  | Gram-Positive |  |  |  |  |  |  |  |  |  | Gram-Negative |  |  |  |  ||  | Staphylococcus aureus ATCC 43300 |  |  |  |  | Staph,MIC,%w/v,%w/v,False,False,False,"Bioactive Compounds, Antioxidant Properties, and Antimicrobial Profiling of a Range of West Algerian Honeys: In Vitro Comparative Screening Prior to Therapeutic Purpose.",2024.0,10.3390/foods13244120,39767065.0,"Foods (Basel, Switzerland)",PMC11675739,s32,,,,,,,12.65,40.27,,,,,,,,4.69,,,,1.0909630765957317
PMC11675739,t2,S32,Pseudomonas aeruginosa ATCC 27853,P. aeruginosa,MIC,,untreated,8.33,,%,,auto_A,Antimicrobial activity in honeys in the western region of Algeria. ||  | Gram-Positive |  |  |  |  |  |  |  |  |  | Gram-Negative |  |  |  |  ||  | Staphylococcus aureus ATCC 43300 |  |  |  |  | Staph,MIC,%w/v,%w/v,False,False,False,"Bioactive Compounds, Antioxidant Properties, and Antimicrobial Profiling of a Range of West Algerian Honeys: In Vitro Comparative Screening Prior to Therapeutic Purpose.",2024.0,10.3390/foods13244120,39767065.0,"Foods (Basel, Switzerland)",PMC11675739,s32,,,,,,,12.65,40.27,,,,,,,,4.69,,,,0.9206450014067876
PMC9333225,t3,MN01,S. aureusATCC 29213,S. aureus,MIC,,untreated,12.0,,%,,auto_A,"Antibacterial activity of manuka/ Leptospermum  honeys and comparators, including minimum inhibitory concentrations, total activity and non-peroxide activity. ||  | MIC (% w/v honey) |  |  |  | Antiba",MIC,%w/v,%w/v,False,False,False,Correlation of the antibacterial activity of commercial manuka and Leptospermum honeys from Australia and New Zealand with methylglyoxal content and other physicochemical characteristics.,2022.0,10.1371/journal.pone.0272376,35901185.0,PloS one,PMC9333225,mn01,80.7,272.0,,,15.0,297.0,,270.0,,,,,,,,4.54,,,,1.0791812460476249
PMC9333225,t3,MN01,E. faecalisATCC 29212,E. faecalis,MIC,,untreated,26.0,,%,,auto_A,"Antibacterial activity of manuka/ Leptospermum  honeys and comparators, including minimum inhibitory concentrations, total activity and non-peroxide activity. ||  | MIC (% w/v honey) |  |  |  | Antiba",MIC,%w/v,%w/v,False,False,False,Correlation of the antibacterial activity of commercial manuka and Leptospermum honeys from Australia and New Zealand with methylglyoxal content and other physicochemical characteristics.,2022.0,10.1371/journal.pone.0272376,35901185.0,PloS one,PMC9333225,mn01,80.7,272.0,,,15.0,297.0,,270.0,,,,,,,,4.54,,,,1.414973347970818
PMC9333225,t3,MN01,E. coliATCC 25922,E. coli,MIC,,untreated,15.0,,%,,auto_A,"Antibacterial activity of manuka/ Leptospermum  honeys and comparators, including minimum inhibitory concentrations, total activity and non-peroxide activity. ||  | MIC (% w/v honey) |  |  |  | Antiba",MIC,%w/v,%w/v,False,False,False,Correlation of the antibacterial activity of commercial manuka and Leptospermum honeys from Australia and New Zealand with methylglyoxal content and other physicochemical characteristics.,2022.0,10.1371/journal.pone.0272376,35901185.0,PloS one,PMC9333225,mn01,80.7,272.0,,,15.0,297.0,,270.0,,,,,,,,4.54,,,,1.1760912590556813
PMC9333225,t3,MN01,P. aeruginosaATCC 27853,P. aeruginosa,MIC,,untreated,21.0,,%,,auto_A,"Antibacterial activity of manuka/ Leptospermum  honeys and comparators, including minimum inhibitory concentrations, total activity and non-peroxide activity. ||  | MIC (% w/v honey) |  |  |  | Antiba",MIC,%w/v,%w/v,False,False,False,Correlation of the antibacterial activity of commercial manuka and Leptospermum honeys from Australia and New Zealand with methylglyoxal content and other physicochemical characteristics.,2022.0,10.1371/journal.pone.0272376,35901185.0,PloS one,PMC9333225,mn01,80.7,272.0,,,15.0,297.0,,270.0,,,,,,,,4.54,,,,1.3222192947339193
PMC9333225,t3,MN02,S. aureusATCC 29213,S. aureus,MIC,,untreated,30.0,,%,gt,auto_A,"Antibacterial activity of manuka/ Leptospermum  honeys and comparators, including minimum inhibitory concentrations, total activity and non-peroxide activity. ||  | MIC (% w/v honey) |  |  |  | Antiba",MIC,%w/v,%w/v,False,False,False,Correlation of the antibacterial activity of commercial manuka and Leptospermum honeys from Australia and New Zealand with methylglyoxal content and other physicochemical characteristics.,2022.0,10.1371/journal.pone.0272376,35901185.0,PloS one,PMC9333225,mn02,81.8,84.0,,,189.0,3.0,,278.0,,,,,,,,4.27,,,,1.4771212547196624
PMC9333225,t3,MN02,E. faecalisATCC 29212,E. faecalis,MIC,,untreated,30.0,,%,gt,auto_A,"Antibacterial activity of manuka/ Leptospermum  honeys and comparators, including minimum inhibitory concentrations, total activity and non-peroxide activity. ||  | MIC (% w/v honey) |  |  |  | Antiba",MIC,%w/v,%w/v,False,False,False,Correlation of the antibacterial activity of commercial manuka and Leptospermum honeys from Australia and New Zealand with methylglyoxal content and other physicochemical characteristics.,2022.0,10.1371/journal.pone.0272376,35901185.0,PloS one,PMC9333225,mn02,81.8,84.0,,,189.0,3.0,,278.0,,,,,,,,4.27,,,,1.4771212547196624
PMC9333225,t3,MN02,E. coliATCC 25922,E. coli,MIC,,untreated,30.0,,%,,auto_A,"Antibacterial activity of manuka/ Leptospermum  honeys and comparators, including minimum inhibitory concentrations, total activity and non-peroxide activity. ||  | MIC (% w/v honey) |  |  |  | Antiba",MIC,%w/v,%w/v,False,False,False,Correlation of the antibacterial activity of commercial manuka and Leptospermum honeys from Australia and New Zealand with methylglyoxal content and other physicochemical characteristics.,2022.0,10.1371/journal.pone.0272376,35901185.0,PloS one,PMC9333225,mn02,81.8,84.0,,,189.0,3.0,,278.0,,,,,,,,4.27,,,,1.4771212547196624
PMC9333225,t3,MN02,P. aeruginosaATCC 27853,P. aeruginosa,MIC,,untreated,26.0,,%,,auto_A,"Antibacterial activity of manuka/ Leptospermum  honeys and comparators, including minimum inhibitory concentrations, total activity and non-peroxide activity. ||  | MIC (% w/v honey) |  |  |  | Antiba",MIC,%w/v,%w/v,False,False,False,Correlation of the antibacterial activity of commercial manuka and Leptospermum honeys from Australia and New Zealand with methylglyoxal content and other physicochemical characteristics.,2022.0,10.1371/journal.pone.0272376,35901185.0,PloS one,PMC9333225,mn02,81.8,84.0,,,189.0,3.0,,278.0,,,,,,,,4.27,,,,1.414973347970818
PMC9333225,t3,MN03,S. aureusATCC 29213,S. aureus,MIC,,untreated,6.0,,%,,auto_A,"Antibacterial activity of manuka/ Leptospermum  honeys and comparators, including minimum inhibitory concentrations, total activity and non-peroxide activity. ||  | MIC (% w/v honey) |  |  |  | Antiba",MIC,%w/v,%w/v,False,False,False,Correlation of the antibacterial activity of commercial manuka and Leptospermum honeys from Australia and New Zealand with methylglyoxal content and other physicochemical characteristics.,2022.0,10.1371/journal.pone.0272376,35901185.0,PloS one,PMC9333225,mn03,80.9,630.0,,,112.0,1022.0,,431.0,,,,,,,,4.08,,,,0.7781512503836436
PMC9333225,t3,MN03,E. faecalisATCC 29212,E. faecalis,MIC,,untreated,12.0,,%,,auto_A,"Antibacterial activity of manuka/ Leptospermum  honeys and comparators, including minimum inhibitory concentrations, total activity and non-peroxide activity. ||  | MIC (% w/v honey) |  |  |  | Antiba",MIC,%w/v,%w/v,False,False,False,Correlation of the antibacterial activity of commercial manuka and Leptospermum honeys from Australia and New Zealand with methylglyoxal content and other physicochemical characteristics.,2022.0,10.1371/journal.pone.0272376,35901185.0,PloS one,PMC9333225,mn03,80.9,630.0,,,112.0,1022.0,,431.0,,,,,,,,4.08,,,,1.0791812460476249
PMC9333225,t3,MN03,E. coliATCC 25922,E. coli,MIC,,untreated,8.0,,%,,auto_A,"Antibacterial activity of manuka/ Leptospermum  honeys and comparators, including minimum inhibitory concentrations, total activity and non-peroxide activity. ||  | MIC (% w/v honey) |  |  |  | Antiba",MIC,%w/v,%w/v,False,False,False,Correlation of the antibacterial activity of commercial manuka and Leptospermum honeys from Australia and New Zealand with methylglyoxal content and other physicochemical characteristics.,2022.0,10.1371/journal.pone.0272376,35901185.0,PloS one,PMC9333225,mn03,80.9,630.0,,,112.0,1022.0,,431.0,,,,,,,,4.08,,,,0.9030899869919435
PMC9333225,t3,MN03,P. aeruginosaATCC 27853,P. aeruginosa,MIC,,untreated,16.0,,%,,auto_A,"Antibacterial activity of manuka/ Leptospermum  honeys and comparators, including minimum inhibitory concentrations, total activity and non-peroxide activity. ||  | MIC (% w/v honey) |  |  |  | Antiba",MIC,%w/v,%w/v,False,False,False,Correlation of the antibacterial activity of commercial manuka and Leptospermum honeys from Australia and New Zealand with methylglyoxal content and other physicochemical characteristics.,2022.0,10.1371/journal.pone.0272376,35901185.0,PloS one,PMC9333225,mn03,80.9,630.0,,,112.0,1022.0,,431.0,,,,,,,,4.08,,,,1.2041199826559248
PMC9333225,t3,MN04,S. aureusATCC 29213,S. aureus,MIC,,untreated,8.0,,%,,auto_A,"Antibacterial activity of manuka/ Leptospermum  honeys and comparators, including minimum inhibitory concentrations, total activity and non-peroxide activity. ||  | MIC (% w/v honey) |  |  |  | Antiba",MIC,%w/v,%w/v,False,False,False,Correlation of the antibacterial activity of commercial manuka and Leptospermum honeys from Australia and New Zealand with methylglyoxal content and other physicochemical characteristics.,2022.0,10.1371/journal.pone.0272376,35901185.0,PloS one,PMC9333225,mn04,83.4,157.0,,,57.0,174.0,,253.0,,,,,,,,4.31,,,,0.9030899869919435
PMC9333225,t3,MN04,E. faecalisATCC 29212,E. faecalis,MIC,,untreated,30.0,,%,,auto_A,"Antibacterial activity of manuka/ Leptospermum  honeys and comparators, including minimum inhibitory concentrations, total activity and non-peroxide activity. ||  | MIC (% w/v honey) |  |  |  | Antiba",MIC,%w/v,%w/v,False,False,False,Correlation of the antibacterial activity of commercial manuka and Leptospermum honeys from Australia and New Zealand with methylglyoxal content and other physicochemical characteristics.,2022.0,10.1371/journal.pone.0272376,35901185.0,PloS one,PMC9333225,mn04,83.4,157.0,,,57.0,174.0,,253.0,,,,,,,,4.31,,,,1.4771212547196624
PMC9333225,t3,MN04,E. coliATCC 25922,E. coli,MIC,,untreated,14.0,,%,,auto_A,"Antibacterial activity of manuka/ Leptospermum  honeys and comparators, including minimum inhibitory concentrations, total activity and non-peroxide activity. ||  | MIC (% w/v honey) |  |  |  | Antiba",MIC,%w/v,%w/v,False,False,False,Correlation of the antibacterial activity of commercial manuka and Leptospermum honeys from Australia and New Zealand with methylglyoxal content and other physicochemical characteristics.,2022.0,10.1371/journal.pone.0272376,35901185.0,PloS one,PMC9333225,mn04,83.4,157.0,,,57.0,174.0,,253.0,,,,,,,,4.31,,,,1.146128035678238
PMC9333225,t3,MN04,P. aeruginosaATCC 27853,P. aeruginosa,MIC,,untreated,16.0,,%,,auto_A,"Antibacterial activity of manuka/ Leptospermum  honeys and comparators, including minimum inhibitory concentrations, total activity and non-peroxide activity. ||  | MIC (% w/v honey) |  |  |  | Antiba",MIC,%w/v,%w/v,False,False,False,Correlation of the antibacterial activity of commercial manuka and Leptospermum honeys from Australia and New Zealand with methylglyoxal content and other physicochemical characteristics.,2022.0,10.1371/journal.pone.0272376,35901185.0,PloS one,PMC9333225,mn04,83.4,157.0,,,57.0,174.0,,253.0,,,,,,,,4.31,,,,1.2041199826559248
PMC9333225,t3,MN05,S. aureusATCC 29213,S. aureus,MIC,,untreated,12.0,,%,,auto_A,"Antibacterial activity of manuka/ Leptospermum  honeys and comparators, including minimum inhibitory concentrations, total activity and non-peroxide activity. ||  | MIC (% w/v honey) |  |  |  | Antiba",MIC,%w/v,%w/v,False,False,False,Correlation of the antibacterial activity of commercial manuka and Leptospermum honeys from Australia and New Zealand with methylglyoxal content and other physicochemical characteristics.,2022.0,10.1371/journal.pone.0272376,35901185.0,PloS one,PMC9333225,mn05,80.4,243.0,,,120.0,326.0,,359.0,,,,,,,,4.21,,,,1.0791812460476249
PMC9333225,t3,MN05,E. faecalisATCC 29212,E. faecalis,MIC,,untreated,22.0,,%,,auto_A,"Antibacterial activity of manuka/ Leptospermum  honeys and comparators, including minimum inhibitory concentrations, total activity and non-peroxide activity. ||  | MIC (% w/v honey) |  |  |  | Antiba",MIC,%w/v,%w/v,False,False,False,Correlation of the antibacterial activity of commercial manuka and Leptospermum honeys from Australia and New Zealand with methylglyoxal content and other physicochemical characteristics.,2022.0,10.1371/journal.pone.0272376,35901185.0,PloS one,PMC9333225,mn05,80.4,243.0,,,120.0,326.0,,359.0,,,,,,,,4.21,,,,1.3424226808222062
PMC9333225,t3,MN05,E. coliATCC 25922,E. coli,MIC,,untreated,17.0,,%,,auto_A,"Antibacterial activity of manuka/ Leptospermum  honeys and comparators, including minimum inhibitory concentrations, total activity and non-peroxide activity. ||  | MIC (% w/v honey) |  |  |  | Antiba",MIC,%w/v,%w/v,False,False,False,Correlation of the antibacterial activity of commercial manuka and Leptospermum honeys from Australia and New Zealand with methylglyoxal content and other physicochemical characteristics.,2022.0,10.1371/journal.pone.0272376,35901185.0,PloS one,PMC9333225,mn05,80.4,243.0,,,120.0,326.0,,359.0,,,,,,,,4.21,,,,1.2304489213782739
PMC9333225,t3,MN05,P. aeruginosaATCC 27853,P. aeruginosa,MIC,,untreated,26.0,,%,,auto_A,"Antibacterial activity of manuka/ Leptospermum  honeys and comparators, including minimum inhibitory concentrations, total activity and non-peroxide activity. ||  | MIC (% w/v honey) |  |  |  | Antiba",MIC,%w/v,%w/v,False,False,False,Correlation of the antibacterial activity of commercial manuka and Leptospermum honeys from Australia and New Zealand with methylglyoxal content and other physicochemical characteristics.,2022.0,10.1371/journal.pone.0272376,35901185.0,PloS one,PMC9333225,mn05,80.4,243.0,,,120.0,326.0,,359.0,,,,,,,,4.21,,,,1.414973347970818
PMC9333225,t3,MN06,S. aureusATCC 29213,S. aureus,MIC,,untreated,16.0,,%,,auto_A,"Antibacterial activity of manuka/ Leptospermum  honeys and comparators, including minimum inhibitory concentrations, total activity and non-peroxide activity. ||  | MIC (% w/v honey) |  |  |  | Antiba",MIC,%w/v,%w/v,False,False,False,Correlation of the antibacterial activity of commercial manuka and Leptospermum honeys from Australia and New Zealand with methylglyoxal content and other physicochemical characteristics.,2022.0,10.1371/journal.pone.0272376,35901185.0,PloS one,PMC9333225,mn06,81.7,270.0,,,183.0,183.0,,491.0,,,,,,,,4.12,,,,1.2041199826559248
PMC9333225,t3,MN06,E. faecalisATCC 29212,E. faecalis,MIC,,untreated,27.0,,%,,auto_A,"Antibacterial activity of manuka/ Leptospermum  honeys and comparators, including minimum inhibitory concentrations, total activity and non-peroxide activity. ||  | MIC (% w/v honey) |  |  |  | Antiba",MIC,%w/v,%w/v,False,False,False,Correlation of the antibacterial activity of commercial manuka and Leptospermum honeys from Australia and New Zealand with methylglyoxal content and other physicochemical characteristics.,2022.0,10.1371/journal.pone.0272376,35901185.0,PloS one,PMC9333225,mn06,81.7,270.0,,,183.0,183.0,,491.0,,,,,,,,4.12,,,,1.4313637641589874
PMC9333225,t3,MN06,E. coliATCC 25922,E. coli,MIC,,untreated,24.0,,%,,auto_A,"Antibacterial activity of manuka/ Leptospermum  honeys and comparators, including minimum inhibitory concentrations, total activity and non-peroxide activity. ||  | MIC (% w/v honey) |  |  |  | Antiba",MIC,%w/v,%w/v,False,False,False,Correlation of the antibacterial activity of commercial manuka and Leptospermum honeys from Australia and New Zealand with methylglyoxal content and other physicochemical characteristics.,2022.0,10.1371/journal.pone.0272376,35901185.0,PloS one,PMC9333225,mn06,81.7,270.0,,,183.0,183.0,,491.0,,,,,,,,4.12,,,,1.380211241711606
PMC9333225,t3,MN06,P. aeruginosaATCC 27853,P. aeruginosa,MIC,,untreated,26.0,,%,,auto_A,"Antibacterial activity of manuka/ Leptospermum  honeys and comparators, including minimum inhibitory concentrations, total activity and non-peroxide activity. ||  | MIC (% w/v honey) |  |  |  | Antiba",MIC,%w/v,%w/v,False,False,False,Correlation of the antibacterial activity of commercial manuka and Leptospermum honeys from Australia and New Zealand with methylglyoxal content and other physicochemical characteristics.,2022.0,10.1371/journal.pone.0272376,35901185.0,PloS one,PMC9333225,mn06,81.7,270.0,,,183.0,183.0,,491.0,,,,,,,,4.12,,,,1.414973347970818
PMC9333225,t3,MN07,S. aureusATCC 29213,S. aureus,MIC,,untreated,8.0,,%,,auto_A,"Antibacterial activity of manuka/ Leptospermum  honeys and comparators, including minimum inhibitory concentrations, total activity and non-peroxide activity. ||  | MIC (% w/v honey) |  |  |  | Antiba",MIC,%w/v,%w/v,False,False,False,Correlation of the antibacterial activity of commercial manuka and Leptospermum honeys from Australia and New Zealand with methylglyoxal content and other physicochemical characteristics.,2022.0,10.1371/journal.pone.0272376,35901185.0,PloS one,PMC9333225,mn07,82.0,423.0,,,183.0,531.0,,432.0,,,,,,,,3.99,,,,0.9030899869919435
PMC9333225,t3,MN07,E. faecalisATCC 29212,E. faecalis,MIC,,untreated,19.0,,%,,auto_A,"Antibacterial activity of manuka/ Leptospermum  honeys and comparators, including minimum inhibitory concentrations, total activity and non-peroxide activity. ||  | MIC (% w/v honey) |  |  |  | Antiba",MIC,%w/v,%w/v,False,False,False,Correlation of the antibacterial activity of commercial manuka and Leptospermum honeys from Australia and New Zealand with methylglyoxal content and other physicochemical characteristics.,2022.0,10.1371/journal.pone.0272376,35901185.0,PloS one,PMC9333225,mn07,82.0,423.0,,,183.0,531.0,,432.0,,,,,,,,3.99,,,,1.2787536009528289
PMC9333225,t3,MN07,E. coliATCC 25922,E. coli,MIC,,untreated,12.0,,%,,auto_A,"Antibacterial activity of manuka/ Leptospermum  honeys and comparators, including minimum inhibitory concentrations, total activity and non-peroxide activity. ||  | MIC (% w/v honey) |  |  |  | Antiba",MIC,%w/v,%w/v,False,False,False,Correlation of the antibacterial activity of commercial manuka and Leptospermum honeys from Australia and New Zealand with methylglyoxal content and other physicochemical characteristics.,2022.0,10.1371/journal.pone.0272376,35901185.0,PloS one,PMC9333225,mn07,82.0,423.0,,,183.0,531.0,,432.0,,,,,,,,3.99,,,,1.0791812460476249
PMC9333225,t3,MN07,P. aeruginosaATCC 27853,P. aeruginosa,MIC,,untreated,22.0,,%,,auto_A,"Antibacterial activity of manuka/ Leptospermum  honeys and comparators, including minimum inhibitory concentrations, total activity and non-peroxide activity. ||  | MIC (% w/v honey) |  |  |  | Antiba",MIC,%w/v,%w/v,False,False,False,Correlation of the antibacterial activity of commercial manuka and Leptospermum honeys from Australia and New Zealand with methylglyoxal content and other physicochemical characteristics.,2022.0,10.1371/journal.pone.0272376,35901185.0,PloS one,PMC9333225,mn07,82.0,423.0,,,183.0,531.0,,432.0,,,,,,,,3.99,,,,1.3424226808222062
PMC9333225,t3,MN08,S. aureusATCC 29213,S. aureus,MIC,,untreated,8.0,,%,,auto_A,"Antibacterial activity of manuka/ Leptospermum  honeys and comparators, including minimum inhibitory concentrations, total activity and non-peroxide activity. ||  | MIC (% w/v honey) |  |  |  | Antiba",MIC,%w/v,%w/v,False,False,False,Correlation of the antibacterial activity of commercial manuka and Leptospermum honeys from Australia and New Zealand with methylglyoxal content and other physicochemical characteristics.,2022.0,10.1371/journal.pone.0272376,35901185.0,PloS one,PMC9333225,mn08,,431.0,,,432.0,532.0,,501.0,,,,,,,,3.93,,,,0.9030899869919435
PMC9333225,t3,MN08,E. faecalisATCC 29212,E. faecalis,MIC,,untreated,17.0,,%,,auto_A,"Antibacterial activity of manuka/ Leptospermum  honeys and comparators, including minimum inhibitory concentrations, total activity and non-peroxide activity. ||  | MIC (% w/v honey) |  |  |  | Antiba",MIC,%w/v,%w/v,False,False,False,Correlation of the antibacterial activity of commercial manuka and Leptospermum honeys from Australia and New Zealand with methylglyoxal content and other physicochemical characteristics.,2022.0,10.1371/journal.pone.0272376,35901185.0,PloS one,PMC9333225,mn08,,431.0,,,432.0,532.0,,501.0,,,,,,,,3.93,,,,1.2304489213782739
PMC9333225,t3,MN08,E. coliATCC 25922,E. coli,MIC,,untreated,10.0,,%,,auto_A,"Antibacterial activity of manuka/ Leptospermum  honeys and comparators, including minimum inhibitory concentrations, total activity and non-peroxide activity. ||  | MIC (% w/v honey) |  |  |  | Antiba",MIC,%w/v,%w/v,False,False,False,Correlation of the antibacterial activity of commercial manuka and Leptospermum honeys from Australia and New Zealand with methylglyoxal content and other physicochemical characteristics.,2022.0,10.1371/journal.pone.0272376,35901185.0,PloS one,PMC9333225,mn08,,431.0,,,432.0,532.0,,501.0,,,,,,,,3.93,,,,1.0
PMC9333225,t3,MN08,P. aeruginosaATCC 27853,P. aeruginosa,MIC,,untreated,16.0,,%,,auto_A,"Antibacterial activity of manuka/ Leptospermum  honeys and comparators, including minimum inhibitory concentrations, total activity and non-peroxide activity. ||  | MIC (% w/v honey) |  |  |  | Antiba",MIC,%w/v,%w/v,False,False,False,Correlation of the antibacterial activity of commercial manuka and Leptospermum honeys from Australia and New Zealand with methylglyoxal content and other physicochemical characteristics.,2022.0,10.1371/journal.pone.0272376,35901185.0,PloS one,PMC9333225,mn08,,431.0,,,432.0,532.0,,501.0,,,,,,,,3.93,,,,1.2041199826559248
PMC9333225,t3,MN09,S. aureusATCC 29213,S. aureus,MIC,,untreated,9.0,,%,,auto_A,"Antibacterial activity of manuka/ Leptospermum  honeys and comparators, including minimum inhibitory concentrations, total activity and non-peroxide activity. ||  | MIC (% w/v honey) |  |  |  | Antiba",MIC,%w/v,%w/v,False,False,False,Correlation of the antibacterial activity of commercial manuka and Leptospermum honeys from Australia and New Zealand with methylglyoxal content and other physicochemical characteristics.,2022.0,10.1371/journal.pone.0272376,35901185.0,PloS one,PMC9333225,mn09,81.9,44.0,,,31.0,34.0,,226.0,,,,,,,,4.59,,,,0.9542425094393249
PMC9333225,t3,MN09,E. faecalisATCC 29212,E. faecalis,MIC,,untreated,32.0,,%,,auto_A,"Antibacterial activity of manuka/ Leptospermum  honeys and comparators, including minimum inhibitory concentrations, total activity and non-peroxide activity. ||  | MIC (% w/v honey) |  |  |  | Antiba",MIC,%w/v,%w/v,False,False,False,Correlation of the antibacterial activity of commercial manuka and Leptospermum honeys from Australia and New Zealand with methylglyoxal content and other physicochemical characteristics.,2022.0,10.1371/journal.pone.0272376,35901185.0,PloS one,PMC9333225,mn09,81.9,44.0,,,31.0,34.0,,226.0,,,,,,,,4.59,,,,1.505149978319906
PMC9333225,t3,MN09,E. coliATCC 25922,E. coli,MIC,,untreated,26.0,,%,,auto_A,"Antibacterial activity of manuka/ Leptospermum  honeys and comparators, including minimum inhibitory concentrations, total activity and non-peroxide activity. ||  | MIC (% w/v honey) |  |  |  | Antiba",MIC,%w/v,%w/v,False,False,False,Correlation of the antibacterial activity of commercial manuka and Leptospermum honeys from Australia and New Zealand with methylglyoxal content and other physicochemical characteristics.,2022.0,10.1371/journal.pone.0272376,35901185.0,PloS one,PMC9333225,mn09,81.9,44.0,,,31.0,34.0,,226.0,,,,,,,,4.59,,,,1.414973347970818
PMC9333225,t3,MN09,P. aeruginosaATCC 27853,P. aeruginosa,MIC,,untreated,16.0,,%,,auto_A,"Antibacterial activity of manuka/ Leptospermum  honeys and comparators, including minimum inhibitory concentrations, total activity and non-peroxide activity. ||  | MIC (% w/v honey) |  |  |  | Antiba",MIC,%w/v,%w/v,False,False,False,Correlation of the antibacterial activity of commercial manuka and Leptospermum honeys from Australia and New Zealand with methylglyoxal content and other physicochemical characteristics.,2022.0,10.1371/journal.pone.0272376,35901185.0,PloS one,PMC9333225,mn09,81.9,44.0,,,31.0,34.0,,226.0,,,,,,,,4.59,,,,1.2041199826559248
PMC9333225,t3,MN10,S. aureusATCC 29213,S. aureus,MIC,,untreated,4.0,,%,,auto_A,"Antibacterial activity of manuka/ Leptospermum  honeys and comparators, including minimum inhibitory concentrations, total activity and non-peroxide activity. ||  | MIC (% w/v honey) |  |  |  | Antiba",MIC,%w/v,%w/v,False,False,False,Correlation of the antibacterial activity of commercial manuka and Leptospermum honeys from Australia and New Zealand with methylglyoxal content and other physicochemical characteristics.,2022.0,10.1371/journal.pone.0272376,35901185.0,PloS one,PMC9333225,mn10,,395.0,,,72.0,911.0,,425.0,,,,,,,,4.12,,,,0.6020599913279624
PMC9333225,t3,MN10,E. faecalisATCC 29212,E. faecalis,MIC,,untreated,14.0,,%,,auto_A,"Antibacterial activity of manuka/ Leptospermum  honeys and comparators, including minimum inhibitory concentrations, total activity and non-peroxide activity. ||  | MIC (% w/v honey) |  |  |  | Antiba",MIC,%w/v,%w/v,False,False,False,Correlation of the antibacterial activity of commercial manuka and Leptospermum honeys from Australia and New Zealand with methylglyoxal content and other physicochemical characteristics.,2022.0,10.1371/journal.pone.0272376,35901185.0,PloS one,PMC9333225,mn10,,395.0,,,72.0,911.0,,425.0,,,,,,,,4.12,,,,1.146128035678238
PMC9333225,t3,MN10,E. coliATCC 25922,E. coli,MIC,,untreated,6.0,,%,,auto_A,"Antibacterial activity of manuka/ Leptospermum  honeys and comparators, including minimum inhibitory concentrations, total activity and non-peroxide activity. ||  | MIC (% w/v honey) |  |  |  | Antiba",MIC,%w/v,%w/v,False,False,False,Correlation of the antibacterial activity of commercial manuka and Leptospermum honeys from Australia and New Zealand with methylglyoxal content and other physicochemical characteristics.,2022.0,10.1371/journal.pone.0272376,35901185.0,PloS one,PMC9333225,mn10,,395.0,,,72.0,911.0,,425.0,,,,,,,,4.12,,,,0.7781512503836436
PMC9333225,t3,MN10,P. aeruginosaATCC 27853,P. aeruginosa,MIC,,untreated,18.0,,%,,auto_A,"Antibacterial activity of manuka/ Leptospermum  honeys and comparators, including minimum inhibitory concentrations, total activity and non-peroxide activity. ||  | MIC (% w/v honey) |  |  |  | Antiba",MIC,%w/v,%w/v,False,False,False,Correlation of the antibacterial activity of commercial manuka and Leptospermum honeys from Australia and New Zealand with methylglyoxal content and other physicochemical characteristics.,2022.0,10.1371/journal.pone.0272376,35901185.0,PloS one,PMC9333225,mn10,,395.0,,,72.0,911.0,,425.0,,,,,,,,4.12,,,,1.255272505103306
PMC9333225,t3,MN11,S. aureusATCC 29213,S. aureus,MIC,,untreated,8.0,,%,,auto_A,"Antibacterial activity of manuka/ Leptospermum  honeys and comparators, including minimum inhibitory concentrations, total activity and non-peroxide activity. ||  | MIC (% w/v honey) |  |  |  | Antiba",MIC,%w/v,%w/v,False,False,False,Correlation of the antibacterial activity of commercial manuka and Leptospermum honeys from Australia and New Zealand with methylglyoxal content and other physicochemical characteristics.,2022.0,10.1371/journal.pone.0272376,35901185.0,PloS one,PMC9333225,mn11,80.3,482.0,,,36.0,494.0,,353.0,,,,,,,,4.2,,,,0.9030899869919435
PMC9333225,t3,MN11,E. faecalisATCC 29212,E. faecalis,MIC,,untreated,19.0,,%,,auto_A,"Antibacterial activity of manuka/ Leptospermum  honeys and comparators, including minimum inhibitory concentrations, total activity and non-peroxide activity. ||  | MIC (% w/v honey) |  |  |  | Antiba",MIC,%w/v,%w/v,False,False,False,Correlation of the antibacterial activity of commercial manuka and Leptospermum honeys from Australia and New Zealand with methylglyoxal content and other physicochemical characteristics.,2022.0,10.1371/journal.pone.0272376,35901185.0,PloS one,PMC9333225,mn11,80.3,482.0,,,36.0,494.0,,353.0,,,,,,,,4.2,,,,1.2787536009528289
PMC9333225,t3,MN11,E. coliATCC 25922,E. coli,MIC,,untreated,10.0,,%,,auto_A,"Antibacterial activity of manuka/ Leptospermum  honeys and comparators, including minimum inhibitory concentrations, total activity and non-peroxide activity. ||  | MIC (% w/v honey) |  |  |  | Antiba",MIC,%w/v,%w/v,False,False,False,Correlation of the antibacterial activity of commercial manuka and Leptospermum honeys from Australia and New Zealand with methylglyoxal content and other physicochemical characteristics.,2022.0,10.1371/journal.pone.0272376,35901185.0,PloS one,PMC9333225,mn11,80.3,482.0,,,36.0,494.0,,353.0,,,,,,,,4.2,,,,1.0
PMC9333225,t3,MN11,P. aeruginosaATCC 27853,P. aeruginosa,MIC,,untreated,20.0,,%,,auto_A,"Antibacterial activity of manuka/ Leptospermum  honeys and comparators, including minimum inhibitory concentrations, total activity and non-peroxide activity. ||  | MIC (% w/v honey) |  |  |  | Antiba",MIC,%w/v,%w/v,False,False,False,Correlation of the antibacterial activity of commercial manuka and Leptospermum honeys from Australia and New Zealand with methylglyoxal content and other physicochemical characteristics.,2022.0,10.1371/journal.pone.0272376,35901185.0,PloS one,PMC9333225,mn11,80.3,482.0,,,36.0,494.0,,353.0,,,,,,,,4.2,,,,1.3010299956639813
PMC9333225,t3,MN12,S. aureusATCC 29213,S. aureus,MIC,,untreated,6.0,,%,,auto_A,"Antibacterial activity of manuka/ Leptospermum  honeys and comparators, including minimum inhibitory concentrations, total activity and non-peroxide activity. ||  | MIC (% w/v honey) |  |  |  | Antiba",MIC,%w/v,%w/v,False,False,False,Correlation of the antibacterial activity of commercial manuka and Leptospermum honeys from Australia and New Zealand with methylglyoxal content and other physicochemical characteristics.,2022.0,10.1371/journal.pone.0272376,35901185.0,PloS one,PMC9333225,mn12,,448.0,,,34.0,572.0,,340.0,,,,,,,,4.17,,,,0.7781512503836436
PMC9333225,t3,MN12,E. faecalisATCC 29212,E. faecalis,MIC,,untreated,17.0,,%,,auto_A,"Antibacterial activity of manuka/ Leptospermum  honeys and comparators, including minimum inhibitory concentrations, total activity and non-peroxide activity. ||  | MIC (% w/v honey) |  |  |  | Antiba",MIC,%w/v,%w/v,False,False,False,Correlation of the antibacterial activity of commercial manuka and Leptospermum honeys from Australia and New Zealand with methylglyoxal content and other physicochemical characteristics.,2022.0,10.1371/journal.pone.0272376,35901185.0,PloS one,PMC9333225,mn12,,448.0,,,34.0,572.0,,340.0,,,,,,,,4.17,,,,1.2304489213782739
PMC9333225,t3,MN12,E. coliATCC 25922,E. coli,MIC,,untreated,8.0,,%,,auto_A,"Antibacterial activity of manuka/ Leptospermum  honeys and comparators, including minimum inhibitory concentrations, total activity and non-peroxide activity. ||  | MIC (% w/v honey) |  |  |  | Antiba",MIC,%w/v,%w/v,False,False,False,Correlation of the antibacterial activity of commercial manuka and Leptospermum honeys from Australia and New Zealand with methylglyoxal content and other physicochemical characteristics.,2022.0,10.1371/journal.pone.0272376,35901185.0,PloS one,PMC9333225,mn12,,448.0,,,34.0,572.0,,340.0,,,,,,,,4.17,,,,0.9030899869919435
PMC9333225,t3,MN12,P. aeruginosaATCC 27853,P. aeruginosa,MIC,,untreated,16.0,,%,,auto_A,"Antibacterial activity of manuka/ Leptospermum  honeys and comparators, including minimum inhibitory concentrations, total activity and non-peroxide activity. ||  | MIC (% w/v honey) |  |  |  | Antiba",MIC,%w/v,%w/v,False,False,False,Correlation of the antibacterial activity of commercial manuka and Leptospermum honeys from Australia and New Zealand with methylglyoxal content and other physicochemical characteristics.,2022.0,10.1371/journal.pone.0272376,35901185.0,PloS one,PMC9333225,mn12,,448.0,,,34.0,572.0,,340.0,,,,,,,,4.17,,,,1.2041199826559248
PMC9333225,t3,MN13,S. aureusATCC 29213,S. aureus,MIC,,untreated,12.0,,%,,auto_A,"Antibacterial activity of manuka/ Leptospermum  honeys and comparators, including minimum inhibitory concentrations, total activity and non-peroxide activity. ||  | MIC (% w/v honey) |  |  |  | Antiba",MIC,%w/v,%w/v,False,False,False,Correlation of the antibacterial activity of commercial manuka and Leptospermum honeys from Australia and New Zealand with methylglyoxal content and other physicochemical characteristics.,2022.0,10.1371/journal.pone.0272376,35901185.0,PloS one,PMC9333225,mn13,,259.0,,,57.0,280.0,,426.0,,,,,,,,4.23,,,,1.0791812460476249
PMC9333225,t3,MN13,E. faecalisATCC 29212,E. faecalis,MIC,,untreated,24.0,,%,,auto_A,"Antibacterial activity of manuka/ Leptospermum  honeys and comparators, including minimum inhibitory concentrations, total activity and non-peroxide activity. ||  | MIC (% w/v honey) |  |  |  | Antiba",MIC,%w/v,%w/v,False,False,False,Correlation of the antibacterial activity of commercial manuka and Leptospermum honeys from Australia and New Zealand with methylglyoxal content and other physicochemical characteristics.,2022.0,10.1371/journal.pone.0272376,35901185.0,PloS one,PMC9333225,mn13,,259.0,,,57.0,280.0,,426.0,,,,,,,,4.23,,,,1.380211241711606
PMC9333225,t3,MN13,E. coliATCC 25922,E. coli,MIC,,untreated,16.0,,%,,auto_A,"Antibacterial activity of manuka/ Leptospermum  honeys and comparators, including minimum inhibitory concentrations, total activity and non-peroxide activity. ||  | MIC (% w/v honey) |  |  |  | Antiba",MIC,%w/v,%w/v,False,False,False,Correlation of the antibacterial activity of commercial manuka and Leptospermum honeys from Australia and New Zealand with methylglyoxal content and other physicochemical characteristics.,2022.0,10.1371/journal.pone.0272376,35901185.0,PloS one,PMC9333225,mn13,,259.0,,,57.0,280.0,,426.0,,,,,,,,4.23,,,,1.2041199826559248
PMC9333225,t3,MN13,P. aeruginosaATCC 27853,P. aeruginosa,MIC,,untreated,26.0,,%,,auto_A,"Antibacterial activity of manuka/ Leptospermum  honeys and comparators, including minimum inhibitory concentrations, total activity and non-peroxide activity. ||  | MIC (% w/v honey) |  |  |  | Antiba",MIC,%w/v,%w/v,False,False,False,Correlation of the antibacterial activity of commercial manuka and Leptospermum honeys from Australia and New Zealand with methylglyoxal content and other physicochemical characteristics.,2022.0,10.1371/journal.pone.0272376,35901185.0,PloS one,PMC9333225,mn13,,259.0,,,57.0,280.0,,426.0,,,,,,,,4.23,,,,1.414973347970818
PMC9333225,t3,MN14,S. aureusATCC 29213,S. aureus,MIC,,untreated,27.0,,%,,auto_A,"Antibacterial activity of manuka/ Leptospermum  honeys and comparators, including minimum inhibitory concentrations, total activity and non-peroxide activity. ||  | MIC (% w/v honey) |  |  |  | Antiba",MIC,%w/v,%w/v,False,False,False,Correlation of the antibacterial activity of commercial manuka and Leptospermum honeys from Australia and New Zealand with methylglyoxal content and other physicochemical characteristics.,2022.0,10.1371/journal.pone.0272376,35901185.0,PloS one,PMC9333225,mn14,80.8,99.0,,,231.0,75.0,,420.0,,,,,,,,4.26,,,,1.4313637641589874
PMC9333225,t3,MN14,E. faecalisATCC 29212,E. faecalis,MIC,,untreated,30.0,,%,gt,auto_A,"Antibacterial activity of manuka/ Leptospermum  honeys and comparators, including minimum inhibitory concentrations, total activity and non-peroxide activity. ||  | MIC (% w/v honey) |  |  |  | Antiba",MIC,%w/v,%w/v,False,False,False,Correlation of the antibacterial activity of commercial manuka and Leptospermum honeys from Australia and New Zealand with methylglyoxal content and other physicochemical characteristics.,2022.0,10.1371/journal.pone.0272376,35901185.0,PloS one,PMC9333225,mn14,80.8,99.0,,,231.0,75.0,,420.0,,,,,,,,4.26,,,,1.4771212547196624
PMC9333225,t3,MN14,E. coliATCC 25922,E. coli,MIC,,untreated,30.0,,%,,auto_A,"Antibacterial activity of manuka/ Leptospermum  honeys and comparators, including minimum inhibitory concentrations, total activity and non-peroxide activity. ||  | MIC (% w/v honey) |  |  |  | Antiba",MIC,%w/v,%w/v,False,False,False,Correlation of the antibacterial activity of commercial manuka and Leptospermum honeys from Australia and New Zealand with methylglyoxal content and other physicochemical characteristics.,2022.0,10.1371/journal.pone.0272376,35901185.0,PloS one,PMC9333225,mn14,80.8,99.0,,,231.0,75.0,,420.0,,,,,,,,4.26,,,,1.4771212547196624
PMC9333225,t3,MN14,P. aeruginosaATCC 27853,P. aeruginosa,MIC,,untreated,26.0,,%,,auto_A,"Antibacterial activity of manuka/ Leptospermum  honeys and comparators, including minimum inhibitory concentrations, total activity and non-peroxide activity. ||  | MIC (% w/v honey) |  |  |  | Antiba",MIC,%w/v,%w/v,False,False,False,Correlation of the antibacterial activity of commercial manuka and Leptospermum honeys from Australia and New Zealand with methylglyoxal content and other physicochemical characteristics.,2022.0,10.1371/journal.pone.0272376,35901185.0,PloS one,PMC9333225,mn14,80.8,99.0,,,231.0,75.0,,420.0,,,,,,,,4.26,,,,1.414973347970818
PMC9333225,t3,MN15,S. aureusATCC 29213,S. aureus,MIC,,untreated,27.0,,%,,auto_A,"Antibacterial activity of manuka/ Leptospermum  honeys and comparators, including minimum inhibitory concentrations, total activity and non-peroxide activity. ||  | MIC (% w/v honey) |  |  |  | Antiba",MIC,%w/v,%w/v,False,False,False,Correlation of the antibacterial activity of commercial manuka and Leptospermum honeys from Australia and New Zealand with methylglyoxal content and other physicochemical characteristics.,2022.0,10.1371/journal.pone.0272376,35901185.0,PloS one,PMC9333225,mn15,81.2,147.0,,,57.0,94.0,,260.0,,,,,,,,4.52,,,,1.4313637641589874
PMC9333225,t3,MN15,E. faecalisATCC 29212,E. faecalis,MIC,,untreated,30.0,,%,gt,auto_A,"Antibacterial activity of manuka/ Leptospermum  honeys and comparators, including minimum inhibitory concentrations, total activity and non-peroxide activity. ||  | MIC (% w/v honey) |  |  |  | Antiba",MIC,%w/v,%w/v,False,False,False,Correlation of the antibacterial activity of commercial manuka and Leptospermum honeys from Australia and New Zealand with methylglyoxal content and other physicochemical characteristics.,2022.0,10.1371/journal.pone.0272376,35901185.0,PloS one,PMC9333225,mn15,81.2,147.0,,,57.0,94.0,,260.0,,,,,,,,4.52,,,,1.4771212547196624
PMC9333225,t3,MN15,E. coliATCC 25922,E. coli,MIC,,untreated,28.0,,%,,auto_A,"Antibacterial activity of manuka/ Leptospermum  honeys and comparators, including minimum inhibitory concentrations, total activity and non-peroxide activity. ||  | MIC (% w/v honey) |  |  |  | Antiba",MIC,%w/v,%w/v,False,False,False,Correlation of the antibacterial activity of commercial manuka and Leptospermum honeys from Australia and New Zealand with methylglyoxal content and other physicochemical characteristics.,2022.0,10.1371/journal.pone.0272376,35901185.0,PloS one,PMC9333225,mn15,81.2,147.0,,,57.0,94.0,,260.0,,,,,,,,4.52,,,,1.4471580313422192
PMC9333225,t3,MN15,P. aeruginosaATCC 27853,P. aeruginosa,MIC,,untreated,26.0,,%,,auto_A,"Antibacterial activity of manuka/ Leptospermum  honeys and comparators, including minimum inhibitory concentrations, total activity and non-peroxide activity. ||  | MIC (% w/v honey) |  |  |  | Antiba",MIC,%w/v,%w/v,False,False,False,Correlation of the antibacterial activity of commercial manuka and Leptospermum honeys from Australia and New Zealand with methylglyoxal content and other physicochemical characteristics.,2022.0,10.1371/journal.pone.0272376,35901185.0,PloS one,PMC9333225,mn15,81.2,147.0,,,57.0,94.0,,260.0,,,,,,,,4.52,,,,1.414973347970818
PMC9333225,t3,MN16,S. aureusATCC 29213,S. aureus,MIC,,untreated,6.0,,%,,auto_A,"Antibacterial activity of manuka/ Leptospermum  honeys and comparators, including minimum inhibitory concentrations, total activity and non-peroxide activity. ||  | MIC (% w/v honey) |  |  |  | Antiba",MIC,%w/v,%w/v,False,False,False,Correlation of the antibacterial activity of commercial manuka and Leptospermum honeys from Australia and New Zealand with methylglyoxal content and other physicochemical characteristics.,2022.0,10.1371/journal.pone.0272376,35901185.0,PloS one,PMC9333225,mn16,,348.0,,,68.0,575.0,,418.0,,,,,,,,4.11,,,,0.7781512503836436
PMC9333225,t3,MN16,E. faecalisATCC 29212,E. faecalis,MIC,,untreated,17.0,,%,,auto_A,"Antibacterial activity of manuka/ Leptospermum  honeys and comparators, including minimum inhibitory concentrations, total activity and non-peroxide activity. ||  | MIC (% w/v honey) |  |  |  | Antiba",MIC,%w/v,%w/v,False,False,False,Correlation of the antibacterial activity of commercial manuka and Leptospermum honeys from Australia and New Zealand with methylglyoxal content and other physicochemical characteristics.,2022.0,10.1371/journal.pone.0272376,35901185.0,PloS one,PMC9333225,mn16,,348.0,,,68.0,575.0,,418.0,,,,,,,,4.11,,,,1.2304489213782739
PMC9333225,t3,MN16,E. coliATCC 25922,E. coli,MIC,,untreated,10.0,,%,,auto_A,"Antibacterial activity of manuka/ Leptospermum  honeys and comparators, including minimum inhibitory concentrations, total activity and non-peroxide activity. ||  | MIC (% w/v honey) |  |  |  | Antiba",MIC,%w/v,%w/v,False,False,False,Correlation of the antibacterial activity of commercial manuka and Leptospermum honeys from Australia and New Zealand with methylglyoxal content and other physicochemical characteristics.,2022.0,10.1371/journal.pone.0272376,35901185.0,PloS one,PMC9333225,mn16,,348.0,,,68.0,575.0,,418.0,,,,,,,,4.11,,,,1.0
PMC9333225,t3,MN16,P. aeruginosaATCC 27853,P. aeruginosa,MIC,,untreated,20.0,,%,,auto_A,"Antibacterial activity of manuka/ Leptospermum  honeys and comparators, including minimum inhibitory concentrations, total activity and non-peroxide activity. ||  | MIC (% w/v honey) |  |  |  | Antiba",MIC,%w/v,%w/v,False,False,False,Correlation of the antibacterial activity of commercial manuka and Leptospermum honeys from Australia and New Zealand with methylglyoxal content and other physicochemical characteristics.,2022.0,10.1371/journal.pone.0272376,35901185.0,PloS one,PMC9333225,mn16,,348.0,,,68.0,575.0,,418.0,,,,,,,,4.11,,,,1.3010299956639813
PMC9333225,t3,MN17,S. aureusATCC 29213,S. aureus,MIC,,untreated,29.0,,%,,auto_A,"Antibacterial activity of manuka/ Leptospermum  honeys and comparators, including minimum inhibitory concentrations, total activity and non-peroxide activity. ||  | MIC (% w/v honey) |  |  |  | Antiba",MIC,%w/v,%w/v,False,False,False,Correlation of the antibacterial activity of commercial manuka and Leptospermum honeys from Australia and New Zealand with methylglyoxal content and other physicochemical characteristics.,2022.0,10.1371/journal.pone.0272376,35901185.0,PloS one,PMC9333225,mn17,,80.0,,,146.0,42.0,,294.0,,,,,,,,4.18,,,,1.462397997898956
PMC9333225,t3,MN17,E. faecalisATCC 29212,E. faecalis,MIC,,untreated,30.0,,%,gt,auto_A,"Antibacterial activity of manuka/ Leptospermum  honeys and comparators, including minimum inhibitory concentrations, total activity and non-peroxide activity. ||  | MIC (% w/v honey) |  |  |  | Antiba",MIC,%w/v,%w/v,False,False,False,Correlation of the antibacterial activity of commercial manuka and Leptospermum honeys from Australia and New Zealand with methylglyoxal content and other physicochemical characteristics.,2022.0,10.1371/journal.pone.0272376,35901185.0,PloS one,PMC9333225,mn17,,80.0,,,146.0,42.0,,294.0,,,,,,,,4.18,,,,1.4771212547196624
PMC9333225,t3,MN17,E. coliATCC 25922,E. coli,MIC,,untreated,29.0,,%,,auto_A,"Antibacterial activity of manuka/ Leptospermum  honeys and comparators, including minimum inhibitory concentrations, total activity and non-peroxide activity. ||  | MIC (% w/v honey) |  |  |  | Antiba",MIC,%w/v,%w/v,False,False,False,Correlation of the antibacterial activity of commercial manuka and Leptospermum honeys from Australia and New Zealand with methylglyoxal content and other physicochemical characteristics.,2022.0,10.1371/journal.pone.0272376,35901185.0,PloS one,PMC9333225,mn17,,80.0,,,146.0,42.0,,294.0,,,,,,,,4.18,,,,1.462397997898956
PMC9333225,t3,MN17,P. aeruginosaATCC 27853,P. aeruginosa,MIC,,untreated,21.0,,%,,auto_A,"Antibacterial activity of manuka/ Leptospermum  honeys and comparators, including minimum inhibitory concentrations, total activity and non-peroxide activity. ||  | MIC (% w/v honey) |  |  |  | Antiba",MIC,%w/v,%w/v,False,False,False,Correlation of the antibacterial activity of commercial manuka and Leptospermum honeys from Australia and New Zealand with methylglyoxal content and other physicochemical characteristics.,2022.0,10.1371/journal.pone.0272376,35901185.0,PloS one,PMC9333225,mn17,,80.0,,,146.0,42.0,,294.0,,,,,,,,4.18,,,,1.3222192947339193
PMC9333225,t3,MN18,S. aureusATCC 29213,S. aureus,MIC,,untreated,11.0,,%,,auto_A,"Antibacterial activity of manuka/ Leptospermum  honeys and comparators, including minimum inhibitory concentrations, total activity and non-peroxide activity. ||  | MIC (% w/v honey) |  |  |  | Antiba",MIC,%w/v,%w/v,False,False,False,Correlation of the antibacterial activity of commercial manuka and Leptospermum honeys from Australia and New Zealand with methylglyoxal content and other physicochemical characteristics.,2022.0,10.1371/journal.pone.0272376,35901185.0,PloS one,PMC9333225,mn18,81.2,106.0,,,58.0,89.0,,297.0,,,,,,,,4.4,,,,1.0413926851582251
PMC9333225,t3,MN18,E. faecalisATCC 29212,E. faecalis,MIC,,untreated,30.0,,%,gt,auto_A,"Antibacterial activity of manuka/ Leptospermum  honeys and comparators, including minimum inhibitory concentrations, total activity and non-peroxide activity. ||  | MIC (% w/v honey) |  |  |  | Antiba",MIC,%w/v,%w/v,False,False,False,Correlation of the antibacterial activity of commercial manuka and Leptospermum honeys from Australia and New Zealand with methylglyoxal content and other physicochemical characteristics.,2022.0,10.1371/journal.pone.0272376,35901185.0,PloS one,PMC9333225,mn18,81.2,106.0,,,58.0,89.0,,297.0,,,,,,,,4.4,,,,1.4771212547196624
PMC9333225,t3,MN18,E. coliATCC 25922,E. coli,MIC,,untreated,19.0,,%,,auto_A,"Antibacterial activity of manuka/ Leptospermum  honeys and comparators, including minimum inhibitory concentrations, total activity and non-peroxide activity. ||  | MIC (% w/v honey) |  |  |  | Antiba",MIC,%w/v,%w/v,False,False,False,Correlation of the antibacterial activity of commercial manuka and Leptospermum honeys from Australia and New Zealand with methylglyoxal content and other physicochemical characteristics.,2022.0,10.1371/journal.pone.0272376,35901185.0,PloS one,PMC9333225,mn18,81.2,106.0,,,58.0,89.0,,297.0,,,,,,,,4.4,,,,1.2787536009528289
PMC9333225,t3,MN18,P. aeruginosaATCC 27853,P. aeruginosa,MIC,,untreated,18.0,,%,,auto_A,"Antibacterial activity of manuka/ Leptospermum  honeys and comparators, including minimum inhibitory concentrations, total activity and non-peroxide activity. ||  | MIC (% w/v honey) |  |  |  | Antiba",MIC,%w/v,%w/v,False,False,False,Correlation of the antibacterial activity of commercial manuka and Leptospermum honeys from Australia and New Zealand with methylglyoxal content and other physicochemical characteristics.,2022.0,10.1371/journal.pone.0272376,35901185.0,PloS one,PMC9333225,mn18,81.2,106.0,,,58.0,89.0,,297.0,,,,,,,,4.4,,,,1.255272505103306
PMC9333225,t3,MN19,S. aureusATCC 29213,S. aureus,MIC,,untreated,6.0,,%,,auto_A,"Antibacterial activity of manuka/ Leptospermum  honeys and comparators, including minimum inhibitory concentrations, total activity and non-peroxide activity. ||  | MIC (% w/v honey) |  |  |  | Antiba",MIC,%w/v,%w/v,False,False,False,Correlation of the antibacterial activity of commercial manuka and Leptospermum honeys from Australia and New Zealand with methylglyoxal content and other physicochemical characteristics.,2022.0,10.1371/journal.pone.0272376,35901185.0,PloS one,PMC9333225,mn19,83.0,42.0,,,16.0,30.0,,233.0,,,,,,,,4.72,,,,0.7781512503836436
PMC9333225,t3,MN19,E. faecalisATCC 29212,E. faecalis,MIC,,untreated,30.0,,%,gt,auto_A,"Antibacterial activity of manuka/ Leptospermum  honeys and comparators, including minimum inhibitory concentrations, total activity and non-peroxide activity. ||  | MIC (% w/v honey) |  |  |  | Antiba",MIC,%w/v,%w/v,False,False,False,Correlation of the antibacterial activity of commercial manuka and Leptospermum honeys from Australia and New Zealand with methylglyoxal content and other physicochemical characteristics.,2022.0,10.1371/journal.pone.0272376,35901185.0,PloS one,PMC9333225,mn19,83.0,42.0,,,16.0,30.0,,233.0,,,,,,,,4.72,,,,1.4771212547196624
PMC9333225,t3,MN19,E. coliATCC 25922,E. coli,MIC,,untreated,28.0,,%,,auto_A,"Antibacterial activity of manuka/ Leptospermum  honeys and comparators, including minimum inhibitory concentrations, total activity and non-peroxide activity. ||  | MIC (% w/v honey) |  |  |  | Antiba",MIC,%w/v,%w/v,False,False,False,Correlation of the antibacterial activity of commercial manuka and Leptospermum honeys from Australia and New Zealand with methylglyoxal content and other physicochemical characteristics.,2022.0,10.1371/journal.pone.0272376,35901185.0,PloS one,PMC9333225,mn19,83.0,42.0,,,16.0,30.0,,233.0,,,,,,,,4.72,,,,1.4471580313422192
PMC9333225,t3,MN19,P. aeruginosaATCC 27853,P. aeruginosa,MIC,,untreated,15.0,,%,,auto_A,"Antibacterial activity of manuka/ Leptospermum  honeys and comparators, including minimum inhibitory concentrations, total activity and non-peroxide activity. ||  | MIC (% w/v honey) |  |  |  | Antiba",MIC,%w/v,%w/v,False,False,False,Correlation of the antibacterial activity of commercial manuka and Leptospermum honeys from Australia and New Zealand with methylglyoxal content and other physicochemical characteristics.,2022.0,10.1371/journal.pone.0272376,35901185.0,PloS one,PMC9333225,mn19,83.0,42.0,,,16.0,30.0,,233.0,,,,,,,,4.72,,,,1.1760912590556813
PMC9333225,t3,MN20,S. aureusATCC 29213,S. aureus,MIC,,untreated,13.0,,%,,auto_A,"Antibacterial activity of manuka/ Leptospermum  honeys and comparators, including minimum inhibitory concentrations, total activity and non-peroxide activity. ||  | MIC (% w/v honey) |  |  |  | Antiba",MIC,%w/v,%w/v,False,False,False,Correlation of the antibacterial activity of commercial manuka and Leptospermum honeys from Australia and New Zealand with methylglyoxal content and other physicochemical characteristics.,2022.0,10.1371/journal.pone.0272376,35901185.0,PloS one,PMC9333225,mn20,80.7,163.0,,,78.0,124.0,,356.0,,,,,,,,4.2,,,,1.1139433523068367
PMC9333225,t3,MN20,E. faecalisATCC 29212,E. faecalis,MIC,,untreated,30.0,,%,gt,auto_A,"Antibacterial activity of manuka/ Leptospermum  honeys and comparators, including minimum inhibitory concentrations, total activity and non-peroxide activity. ||  | MIC (% w/v honey) |  |  |  | Antiba",MIC,%w/v,%w/v,False,False,False,Correlation of the antibacterial activity of commercial manuka and Leptospermum honeys from Australia and New Zealand with methylglyoxal content and other physicochemical characteristics.,2022.0,10.1371/journal.pone.0272376,35901185.0,PloS one,PMC9333225,mn20,80.7,163.0,,,78.0,124.0,,356.0,,,,,,,,4.2,,,,1.4771212547196624
PMC9333225,t3,MN20,E. coliATCC 25922,E. coli,MIC,,untreated,19.0,,%,,auto_A,"Antibacterial activity of manuka/ Leptospermum  honeys and comparators, including minimum inhibitory concentrations, total activity and non-peroxide activity. ||  | MIC (% w/v honey) |  |  |  | Antiba",MIC,%w/v,%w/v,False,False,False,Correlation of the antibacterial activity of commercial manuka and Leptospermum honeys from Australia and New Zealand with methylglyoxal content and other physicochemical characteristics.,2022.0,10.1371/journal.pone.0272376,35901185.0,PloS one,PMC9333225,mn20,80.7,163.0,,,78.0,124.0,,356.0,,,,,,,,4.2,,,,1.2787536009528289
PMC9333225,t3,MN20,P. aeruginosaATCC 27853,P. aeruginosa,MIC,,untreated,19.0,,%,,auto_A,"Antibacterial activity of manuka/ Leptospermum  honeys and comparators, including minimum inhibitory concentrations, total activity and non-peroxide activity. ||  | MIC (% w/v honey) |  |  |  | Antiba",MIC,%w/v,%w/v,False,False,False,Correlation of the antibacterial activity of commercial manuka and Leptospermum honeys from Australia and New Zealand with methylglyoxal content and other physicochemical characteristics.,2022.0,10.1371/journal.pone.0272376,35901185.0,PloS one,PMC9333225,mn20,80.7,163.0,,,78.0,124.0,,356.0,,,,,,,,4.2,,,,1.2787536009528289
PMC9333225,t3,MN21,S. aureusATCC 29213,S. aureus,MIC,,untreated,8.0,,%,,auto_A,"Antibacterial activity of manuka/ Leptospermum  honeys and comparators, including minimum inhibitory concentrations, total activity and non-peroxide activity. ||  | MIC (% w/v honey) |  |  |  | Antiba",MIC,%w/v,%w/v,False,False,False,Correlation of the antibacterial activity of commercial manuka and Leptospermum honeys from Australia and New Zealand with methylglyoxal content and other physicochemical characteristics.,2022.0,10.1371/journal.pone.0272376,35901185.0,PloS one,PMC9333225,mn21,80.1,610.0,,,82.0,454.0,,258.0,,,,,,,,4.14,,,,0.9030899869919435
PMC9333225,t3,MN21,E. faecalisATCC 29212,E. faecalis,MIC,,untreated,21.0,,%,,auto_A,"Antibacterial activity of manuka/ Leptospermum  honeys and comparators, including minimum inhibitory concentrations, total activity and non-peroxide activity. ||  | MIC (% w/v honey) |  |  |  | Antiba",MIC,%w/v,%w/v,False,False,False,Correlation of the antibacterial activity of commercial manuka and Leptospermum honeys from Australia and New Zealand with methylglyoxal content and other physicochemical characteristics.,2022.0,10.1371/journal.pone.0272376,35901185.0,PloS one,PMC9333225,mn21,80.1,610.0,,,82.0,454.0,,258.0,,,,,,,,4.14,,,,1.3222192947339193
PMC9333225,t3,MN21,E. coliATCC 25922,E. coli,MIC,,untreated,13.0,,%,,auto_A,"Antibacterial activity of manuka/ Leptospermum  honeys and comparators, including minimum inhibitory concentrations, total activity and non-peroxide activity. ||  | MIC (% w/v honey) |  |  |  | Antiba",MIC,%w/v,%w/v,False,False,False,Correlation of the antibacterial activity of commercial manuka and Leptospermum honeys from Australia and New Zealand with methylglyoxal content and other physicochemical characteristics.,2022.0,10.1371/journal.pone.0272376,35901185.0,PloS one,PMC9333225,mn21,80.1,610.0,,,82.0,454.0,,258.0,,,,,,,,4.14,,,,1.1139433523068367
PMC9333225,t3,MN21,P. aeruginosaATCC 27853,P. aeruginosa,MIC,,untreated,26.0,,%,,auto_A,"Antibacterial activity of manuka/ Leptospermum  honeys and comparators, including minimum inhibitory concentrations, total activity and non-peroxide activity. ||  | MIC (% w/v honey) |  |  |  | Antiba",MIC,%w/v,%w/v,False,False,False,Correlation of the antibacterial activity of commercial manuka and Leptospermum honeys from Australia and New Zealand with methylglyoxal content and other physicochemical characteristics.,2022.0,10.1371/journal.pone.0272376,35901185.0,PloS one,PMC9333225,mn21,80.1,610.0,,,82.0,454.0,,258.0,,,,,,,,4.14,,,,1.414973347970818
PMC9333225,t3,MN22,S. aureusATCC 29213,S. aureus,MIC,,untreated,6.0,,%,,auto_A,"Antibacterial activity of manuka/ Leptospermum  honeys and comparators, including minimum inhibitory concentrations, total activity and non-peroxide activity. ||  | MIC (% w/v honey) |  |  |  | Antiba",MIC,%w/v,%w/v,False,False,False,Correlation of the antibacterial activity of commercial manuka and Leptospermum honeys from Australia and New Zealand with methylglyoxal content and other physicochemical characteristics.,2022.0,10.1371/journal.pone.0272376,35901185.0,PloS one,PMC9333225,mn22,79.8,1185.0,,,46.0,857.0,,292.0,,,,,,,,4.15,,,,0.7781512503836436
PMC9333225,t3,MN22,E. faecalisATCC 29212,E. faecalis,MIC,,untreated,14.0,,%,,auto_A,"Antibacterial activity of manuka/ Leptospermum  honeys and comparators, including minimum inhibitory concentrations, total activity and non-peroxide activity. ||  | MIC (% w/v honey) |  |  |  | Antiba",MIC,%w/v,%w/v,False,False,False,Correlation of the antibacterial activity of commercial manuka and Leptospermum honeys from Australia and New Zealand with methylglyoxal content and other physicochemical characteristics.,2022.0,10.1371/journal.pone.0272376,35901185.0,PloS one,PMC9333225,mn22,79.8,1185.0,,,46.0,857.0,,292.0,,,,,,,,4.15,,,,1.146128035678238
PMC9333225,t3,MN22,E. coliATCC 25922,E. coli,MIC,,untreated,9.0,,%,,auto_A,"Antibacterial activity of manuka/ Leptospermum  honeys and comparators, including minimum inhibitory concentrations, total activity and non-peroxide activity. ||  | MIC (% w/v honey) |  |  |  | Antiba",MIC,%w/v,%w/v,False,False,False,Correlation of the antibacterial activity of commercial manuka and Leptospermum honeys from Australia and New Zealand with methylglyoxal content and other physicochemical characteristics.,2022.0,10.1371/journal.pone.0272376,35901185.0,PloS one,PMC9333225,mn22,79.8,1185.0,,,46.0,857.0,,292.0,,,,,,,,4.15,,,,0.9542425094393249
PMC9333225,t3,MN22,P. aeruginosaATCC 27853,P. aeruginosa,MIC,,untreated,20.0,,%,,auto_A,"Antibacterial activity of manuka/ Leptospermum  honeys and comparators, including minimum inhibitory concentrations, total activity and non-peroxide activity. ||  | MIC (% w/v honey) |  |  |  | Antiba",MIC,%w/v,%w/v,False,False,False,Correlation of the antibacterial activity of commercial manuka and Leptospermum honeys from Australia and New Zealand with methylglyoxal content and other physicochemical characteristics.,2022.0,10.1371/journal.pone.0272376,35901185.0,PloS one,PMC9333225,mn22,79.8,1185.0,,,46.0,857.0,,292.0,,,,,,,,4.15,,,,1.3010299956639813
PMC9333225,t3,MN23,S. aureusATCC 29213,S. aureus,MIC,,untreated,6.0,,%,,auto_A,"Antibacterial activity of manuka/ Leptospermum  honeys and comparators, including minimum inhibitory concentrations, total activity and non-peroxide activity. ||  | MIC (% w/v honey) |  |  |  | Antiba",MIC,%w/v,%w/v,False,False,False,Correlation of the antibacterial activity of commercial manuka and Leptospermum honeys from Australia and New Zealand with methylglyoxal content and other physicochemical characteristics.,2022.0,10.1371/journal.pone.0272376,35901185.0,PloS one,PMC9333225,mn23,,898.0,,,23.0,649.0,,231.0,,,,,,,,4.27,,,,0.7781512503836436
PMC9333225,t3,MN23,E. faecalisATCC 29212,E. faecalis,MIC,,untreated,14.0,,%,,auto_A,"Antibacterial activity of manuka/ Leptospermum  honeys and comparators, including minimum inhibitory concentrations, total activity and non-peroxide activity. ||  | MIC (% w/v honey) |  |  |  | Antiba",MIC,%w/v,%w/v,False,False,False,Correlation of the antibacterial activity of commercial manuka and Leptospermum honeys from Australia and New Zealand with methylglyoxal content and other physicochemical characteristics.,2022.0,10.1371/journal.pone.0272376,35901185.0,PloS one,PMC9333225,mn23,,898.0,,,23.0,649.0,,231.0,,,,,,,,4.27,,,,1.146128035678238
PMC9333225,t3,MN23,E. coliATCC 25922,E. coli,MIC,,untreated,10.0,,%,,auto_A,"Antibacterial activity of manuka/ Leptospermum  honeys and comparators, including minimum inhibitory concentrations, total activity and non-peroxide activity. ||  | MIC (% w/v honey) |  |  |  | Antiba",MIC,%w/v,%w/v,False,False,False,Correlation of the antibacterial activity of commercial manuka and Leptospermum honeys from Australia and New Zealand with methylglyoxal content and other physicochemical characteristics.,2022.0,10.1371/journal.pone.0272376,35901185.0,PloS one,PMC9333225,mn23,,898.0,,,23.0,649.0,,231.0,,,,,,,,4.27,,,,1.0
PMC9333225,t3,MN23,P. aeruginosaATCC 27853,P. aeruginosa,MIC,,untreated,18.0,,%,,auto_A,"Antibacterial activity of manuka/ Leptospermum  honeys and comparators, including minimum inhibitory concentrations, total activity and non-peroxide activity. ||  | MIC (% w/v honey) |  |  |  | Antiba",MIC,%w/v,%w/v,False,False,False,Correlation of the antibacterial activity of commercial manuka and Leptospermum honeys from Australia and New Zealand with methylglyoxal content and other physicochemical characteristics.,2022.0,10.1371/journal.pone.0272376,35901185.0,PloS one,PMC9333225,mn23,,898.0,,,23.0,649.0,,231.0,,,,,,,,4.27,,,,1.255272505103306
PMC9333225,t3,MN24,S. aureusATCC 29213,S. aureus,MIC,,untreated,23.0,,%,,auto_A,"Antibacterial activity of manuka/ Leptospermum  honeys and comparators, including minimum inhibitory concentrations, total activity and non-peroxide activity. ||  | MIC (% w/v honey) |  |  |  | Antiba",MIC,%w/v,%w/v,False,False,False,Correlation of the antibacterial activity of commercial manuka and Leptospermum honeys from Australia and New Zealand with methylglyoxal content and other physicochemical characteristics.,2022.0,10.1371/journal.pone.0272376,35901185.0,PloS one,PMC9333225,mn24,82.7,206.0,,,173.0,111.0,,263.0,,,,,,,,4.3,,,,1.3617278360175928
PMC9333225,t3,MN24,E. faecalisATCC 29212,E. faecalis,MIC,,untreated,30.0,,%,gt,auto_A,"Antibacterial activity of manuka/ Leptospermum  honeys and comparators, including minimum inhibitory concentrations, total activity and non-peroxide activity. ||  | MIC (% w/v honey) |  |  |  | Antiba",MIC,%w/v,%w/v,False,False,False,Correlation of the antibacterial activity of commercial manuka and Leptospermum honeys from Australia and New Zealand with methylglyoxal content and other physicochemical characteristics.,2022.0,10.1371/journal.pone.0272376,35901185.0,PloS one,PMC9333225,mn24,82.7,206.0,,,173.0,111.0,,263.0,,,,,,,,4.3,,,,1.4771212547196624
PMC9333225,t3,MN24,E. coliATCC 25922,E. coli,MIC,,untreated,28.0,,%,,auto_A,"Antibacterial activity of manuka/ Leptospermum  honeys and comparators, including minimum inhibitory concentrations, total activity and non-peroxide activity. ||  | MIC (% w/v honey) |  |  |  | Antiba",MIC,%w/v,%w/v,False,False,False,Correlation of the antibacterial activity of commercial manuka and Leptospermum honeys from Australia and New Zealand with methylglyoxal content and other physicochemical characteristics.,2022.0,10.1371/journal.pone.0272376,35901185.0,PloS one,PMC9333225,mn24,82.7,206.0,,,173.0,111.0,,263.0,,,,,,,,4.3,,,,1.4471580313422192
PMC9333225,t3,MN24,P. aeruginosaATCC 27853,P. aeruginosa,MIC,,untreated,26.0,,%,,auto_A,"Antibacterial activity of manuka/ Leptospermum  honeys and comparators, including minimum inhibitory concentrations, total activity and non-peroxide activity. ||  | MIC (% w/v honey) |  |  |  | Antiba",MIC,%w/v,%w/v,False,False,False,Correlation of the antibacterial activity of commercial manuka and Leptospermum honeys from Australia and New Zealand with methylglyoxal content and other physicochemical characteristics.,2022.0,10.1371/journal.pone.0272376,35901185.0,PloS one,PMC9333225,mn24,82.7,206.0,,,173.0,111.0,,263.0,,,,,,,,4.3,,,,1.414973347970818
PMC9333225,t3,MN25,S. aureusATCC 29213,S. aureus,MIC,,untreated,9.0,,%,,auto_A,"Antibacterial activity of manuka/ Leptospermum  honeys and comparators, including minimum inhibitory concentrations, total activity and non-peroxide activity. ||  | MIC (% w/v honey) |  |  |  | Antiba",MIC,%w/v,%w/v,False,False,False,Correlation of the antibacterial activity of commercial manuka and Leptospermum honeys from Australia and New Zealand with methylglyoxal content and other physicochemical characteristics.,2022.0,10.1371/journal.pone.0272376,35901185.0,PloS one,PMC9333225,mn25,,196.0,,,109.0,274.0,,663.0,,,,,,,,4.0,,,,0.9542425094393249
PMC9333225,t3,MN25,E. faecalisATCC 29212,E. faecalis,MIC,,untreated,20.0,,%,,auto_A,"Antibacterial activity of manuka/ Leptospermum  honeys and comparators, including minimum inhibitory concentrations, total activity and non-peroxide activity. ||  | MIC (% w/v honey) |  |  |  | Antiba",MIC,%w/v,%w/v,False,False,False,Correlation of the antibacterial activity of commercial manuka and Leptospermum honeys from Australia and New Zealand with methylglyoxal content and other physicochemical characteristics.,2022.0,10.1371/journal.pone.0272376,35901185.0,PloS one,PMC9333225,mn25,,196.0,,,109.0,274.0,,663.0,,,,,,,,4.0,,,,1.3010299956639813
PMC9333225,t3,MN25,E. coliATCC 25922,E. coli,MIC,,untreated,12.0,,%,,auto_A,"Antibacterial activity of manuka/ Leptospermum  honeys and comparators, including minimum inhibitory concentrations, total activity and non-peroxide activity. ||  | MIC (% w/v honey) |  |  |  | Antiba",MIC,%w/v,%w/v,False,False,False,Correlation of the antibacterial activity of commercial manuka and Leptospermum honeys from Australia and New Zealand with methylglyoxal content and other physicochemical characteristics.,2022.0,10.1371/journal.pone.0272376,35901185.0,PloS one,PMC9333225,mn25,,196.0,,,109.0,274.0,,663.0,,,,,,,,4.0,,,,1.0791812460476249
PMC9333225,t3,MN25,P. aeruginosaATCC 27853,P. aeruginosa,MIC,,untreated,16.0,,%,,auto_A,"Antibacterial activity of manuka/ Leptospermum  honeys and comparators, including minimum inhibitory concentrations, total activity and non-peroxide activity. ||  | MIC (% w/v honey) |  |  |  | Antiba",MIC,%w/v,%w/v,False,False,False,Correlation of the antibacterial activity of commercial manuka and Leptospermum honeys from Australia and New Zealand with methylglyoxal content and other physicochemical characteristics.,2022.0,10.1371/journal.pone.0272376,35901185.0,PloS one,PMC9333225,mn25,,196.0,,,109.0,274.0,,663.0,,,,,,,,4.0,,,,1.2041199826559248
PMC9333225,t3,MN26,S. aureusATCC 29213,S. aureus,MIC,,untreated,15.0,,%,,auto_A,"Antibacterial activity of manuka/ Leptospermum  honeys and comparators, including minimum inhibitory concentrations, total activity and non-peroxide activity. ||  | MIC (% w/v honey) |  |  |  | Antiba",MIC,%w/v,%w/v,False,False,False,Correlation of the antibacterial activity of commercial manuka and Leptospermum honeys from Australia and New Zealand with methylglyoxal content and other physicochemical characteristics.,2022.0,10.1371/journal.pone.0272376,35901185.0,PloS one,PMC9333225,mn26,82.1,195.0,,,52.0,184.0,,405.0,,,,,,,,4.21,,,,1.1760912590556813
PMC9333225,t3,MN26,E. faecalisATCC 29212,E. faecalis,MIC,,untreated,30.0,,%,,auto_A,"Antibacterial activity of manuka/ Leptospermum  honeys and comparators, including minimum inhibitory concentrations, total activity and non-peroxide activity. ||  | MIC (% w/v honey) |  |  |  | Antiba",MIC,%w/v,%w/v,False,False,False,Correlation of the antibacterial activity of commercial manuka and Leptospermum honeys from Australia and New Zealand with methylglyoxal content and other physicochemical characteristics.,2022.0,10.1371/journal.pone.0272376,35901185.0,PloS one,PMC9333225,mn26,82.1,195.0,,,52.0,184.0,,405.0,,,,,,,,4.21,,,,1.4771212547196624
PMC9333225,t3,MN26,E. coliATCC 25922,E. coli,MIC,,untreated,20.0,,%,,auto_A,"Antibacterial activity of manuka/ Leptospermum  honeys and comparators, including minimum inhibitory concentrations, total activity and non-peroxide activity. ||  | MIC (% w/v honey) |  |  |  | Antiba",MIC,%w/v,%w/v,False,False,False,Correlation of the antibacterial activity of commercial manuka and Leptospermum honeys from Australia and New Zealand with methylglyoxal content and other physicochemical characteristics.,2022.0,10.1371/journal.pone.0272376,35901185.0,PloS one,PMC9333225,mn26,82.1,195.0,,,52.0,184.0,,405.0,,,,,,,,4.21,,,,1.3010299956639813
PMC9333225,t3,MN26,P. aeruginosaATCC 27853,P. aeruginosa,MIC,,untreated,24.0,,%,,auto_A,"Antibacterial activity of manuka/ Leptospermum  honeys and comparators, including minimum inhibitory concentrations, total activity and non-peroxide activity. ||  | MIC (% w/v honey) |  |  |  | Antiba",MIC,%w/v,%w/v,False,False,False,Correlation of the antibacterial activity of commercial manuka and Leptospermum honeys from Australia and New Zealand with methylglyoxal content and other physicochemical characteristics.,2022.0,10.1371/journal.pone.0272376,35901185.0,PloS one,PMC9333225,mn26,82.1,195.0,,,52.0,184.0,,405.0,,,,,,,,4.21,,,,1.380211241711606
PMC9333225,t3,MN27,S. aureusATCC 29213,S. aureus,MIC,,untreated,8.0,,%,,auto_A,"Antibacterial activity of manuka/ Leptospermum  honeys and comparators, including minimum inhibitory concentrations, total activity and non-peroxide activity. ||  | MIC (% w/v honey) |  |  |  | Antiba",MIC,%w/v,%w/v,False,False,False,Correlation of the antibacterial activity of commercial manuka and Leptospermum honeys from Australia and New Zealand with methylglyoxal content and other physicochemical characteristics.,2022.0,10.1371/journal.pone.0272376,35901185.0,PloS one,PMC9333225,mn27,84.4,324.0,,,61.0,520.0,,437.0,,,,,,,,4.36,,,,0.9030899869919435
PMC9333225,t3,MN27,E. faecalisATCC 29212,E. faecalis,MIC,,untreated,16.0,,%,,auto_A,"Antibacterial activity of manuka/ Leptospermum  honeys and comparators, including minimum inhibitory concentrations, total activity and non-peroxide activity. ||  | MIC (% w/v honey) |  |  |  | Antiba",MIC,%w/v,%w/v,False,False,False,Correlation of the antibacterial activity of commercial manuka and Leptospermum honeys from Australia and New Zealand with methylglyoxal content and other physicochemical characteristics.,2022.0,10.1371/journal.pone.0272376,35901185.0,PloS one,PMC9333225,mn27,84.4,324.0,,,61.0,520.0,,437.0,,,,,,,,4.36,,,,1.2041199826559248
PMC9333225,t3,MN27,E. coliATCC 25922,E. coli,MIC,,untreated,11.0,,%,,auto_A,"Antibacterial activity of manuka/ Leptospermum  honeys and comparators, including minimum inhibitory concentrations, total activity and non-peroxide activity. ||  | MIC (% w/v honey) |  |  |  | Antiba",MIC,%w/v,%w/v,False,False,False,Correlation of the antibacterial activity of commercial manuka and Leptospermum honeys from Australia and New Zealand with methylglyoxal content and other physicochemical characteristics.,2022.0,10.1371/journal.pone.0272376,35901185.0,PloS one,PMC9333225,mn27,84.4,324.0,,,61.0,520.0,,437.0,,,,,,,,4.36,,,,1.0413926851582251
PMC9333225,t3,MN27,P. aeruginosaATCC 27853,P. aeruginosa,MIC,,untreated,22.0,,%,,auto_A,"Antibacterial activity of manuka/ Leptospermum  honeys and comparators, including minimum inhibitory concentrations, total activity and non-peroxide activity. ||  | MIC (% w/v honey) |  |  |  | Antiba",MIC,%w/v,%w/v,False,False,False,Correlation of the antibacterial activity of commercial manuka and Leptospermum honeys from Australia and New Zealand with methylglyoxal content and other physicochemical characteristics.,2022.0,10.1371/journal.pone.0272376,35901185.0,PloS one,PMC9333225,mn27,84.4,324.0,,,61.0,520.0,,437.0,,,,,,,,4.36,,,,1.3424226808222062
PMC9333225,t3,MN28,S. aureusATCC 29213,S. aureus,MIC,,untreated,5.0,,%,,auto_A,"Antibacterial activity of manuka/ Leptospermum  honeys and comparators, including minimum inhibitory concentrations, total activity and non-peroxide activity. ||  | MIC (% w/v honey) |  |  |  | Antiba",MIC,%w/v,%w/v,False,False,False,Correlation of the antibacterial activity of commercial manuka and Leptospermum honeys from Australia and New Zealand with methylglyoxal content and other physicochemical characteristics.,2022.0,10.1371/journal.pone.0272376,35901185.0,PloS one,PMC9333225,mn28,84.9,25.0,,,37.0,27.0,,211.0,,,,,,,,5.42,,,,0.6989700043360189
PMC9333225,t3,MN28,E. faecalisATCC 29212,E. faecalis,MIC,,untreated,29.0,,%,,auto_A,"Antibacterial activity of manuka/ Leptospermum  honeys and comparators, including minimum inhibitory concentrations, total activity and non-peroxide activity. ||  | MIC (% w/v honey) |  |  |  | Antiba",MIC,%w/v,%w/v,False,False,False,Correlation of the antibacterial activity of commercial manuka and Leptospermum honeys from Australia and New Zealand with methylglyoxal content and other physicochemical characteristics.,2022.0,10.1371/journal.pone.0272376,35901185.0,PloS one,PMC9333225,mn28,84.9,25.0,,,37.0,27.0,,211.0,,,,,,,,5.42,,,,1.462397997898956
PMC9333225,t3,MN28,E. coliATCC 25922,E. coli,MIC,,untreated,23.0,,%,,auto_A,"Antibacterial activity of manuka/ Leptospermum  honeys and comparators, including minimum inhibitory concentrations, total activity and non-peroxide activity. ||  | MIC (% w/v honey) |  |  |  | Antiba",MIC,%w/v,%w/v,False,False,False,Correlation of the antibacterial activity of commercial manuka and Leptospermum honeys from Australia and New Zealand with methylglyoxal content and other physicochemical characteristics.,2022.0,10.1371/journal.pone.0272376,35901185.0,PloS one,PMC9333225,mn28,84.9,25.0,,,37.0,27.0,,211.0,,,,,,,,5.42,,,,1.3617278360175928
PMC9333225,t3,MN28,P. aeruginosaATCC 27853,P. aeruginosa,MIC,,untreated,12.0,,%,,auto_A,"Antibacterial activity of manuka/ Leptospermum  honeys and comparators, including minimum inhibitory concentrations, total activity and non-peroxide activity. ||  | MIC (% w/v honey) |  |  |  | Antiba",MIC,%w/v,%w/v,False,False,False,Correlation of the antibacterial activity of commercial manuka and Leptospermum honeys from Australia and New Zealand with methylglyoxal content and other physicochemical characteristics.,2022.0,10.1371/journal.pone.0272376,35901185.0,PloS one,PMC9333225,mn28,84.9,25.0,,,37.0,27.0,,211.0,,,,,,,,5.42,,,,1.0791812460476249
PMC9333225,t3,MN29,S. aureusATCC 29213,S. aureus,MIC,,untreated,6.0,,%,,auto_A,"Antibacterial activity of manuka/ Leptospermum  honeys and comparators, including minimum inhibitory concentrations, total activity and non-peroxide activity. ||  | MIC (% w/v honey) |  |  |  | Antiba",MIC,%w/v,%w/v,False,False,False,Correlation of the antibacterial activity of commercial manuka and Leptospermum honeys from Australia and New Zealand with methylglyoxal content and other physicochemical characteristics.,2022.0,10.1371/journal.pone.0272376,35901185.0,PloS one,PMC9333225,mn29,83.6,21.0,,,98.0,4.0,,444.0,,,,,,,,4.28,,,,0.7781512503836436
PMC9333225,t3,MN29,E. faecalisATCC 29212,E. faecalis,MIC,,untreated,27.0,,%,,auto_A,"Antibacterial activity of manuka/ Leptospermum  honeys and comparators, including minimum inhibitory concentrations, total activity and non-peroxide activity. ||  | MIC (% w/v honey) |  |  |  | Antiba",MIC,%w/v,%w/v,False,False,False,Correlation of the antibacterial activity of commercial manuka and Leptospermum honeys from Australia and New Zealand with methylglyoxal content and other physicochemical characteristics.,2022.0,10.1371/journal.pone.0272376,35901185.0,PloS one,PMC9333225,mn29,83.6,21.0,,,98.0,4.0,,444.0,,,,,,,,4.28,,,,1.4313637641589874
PMC9333225,t3,MN29,E. coliATCC 25922,E. coli,MIC,,untreated,24.0,,%,,auto_A,"Antibacterial activity of manuka/ Leptospermum  honeys and comparators, including minimum inhibitory concentrations, total activity and non-peroxide activity. ||  | MIC (% w/v honey) |  |  |  | Antiba",MIC,%w/v,%w/v,False,False,False,Correlation of the antibacterial activity of commercial manuka and Leptospermum honeys from Australia and New Zealand with methylglyoxal content and other physicochemical characteristics.,2022.0,10.1371/journal.pone.0272376,35901185.0,PloS one,PMC9333225,mn29,83.6,21.0,,,98.0,4.0,,444.0,,,,,,,,4.28,,,,1.380211241711606
PMC9333225,t3,MN29,P. aeruginosaATCC 27853,P. aeruginosa,MIC,,untreated,10.0,,%,,auto_A,"Antibacterial activity of manuka/ Leptospermum  honeys and comparators, including minimum inhibitory concentrations, total activity and non-peroxide activity. ||  | MIC (% w/v honey) |  |  |  | Antiba",MIC,%w/v,%w/v,False,False,False,Correlation of the antibacterial activity of commercial manuka and Leptospermum honeys from Australia and New Zealand with methylglyoxal content and other physicochemical characteristics.,2022.0,10.1371/journal.pone.0272376,35901185.0,PloS one,PMC9333225,mn29,83.6,21.0,,,98.0,4.0,,444.0,,,,,,,,4.28,,,,1.0
PMC9333225,t3,MUL,S. aureusATCC 29213,S. aureus,MIC,,untreated,30.0,,%,gt,auto_A,"Antibacterial activity of manuka/ Leptospermum  honeys and comparators, including minimum inhibitory concentrations, total activity and non-peroxide activity. ||  | MIC (% w/v honey) |  |  |  | Antiba",MIC,%w/v,%w/v,False,False,False,Correlation of the antibacterial activity of commercial manuka and Leptospermum honeys from Australia and New Zealand with methylglyoxal content and other physicochemical characteristics.,2022.0,10.1371/journal.pone.0272376,35901185.0,PloS one,PMC9333225,mul,82.4,,,,,,,244.0,,,,,,,,4.24,,,,1.4771212547196624
PMC9333225,t3,MUL,E. faecalisATCC 29212,E. faecalis,MIC,,untreated,30.0,,%,gt,auto_A,"Antibacterial activity of manuka/ Leptospermum  honeys and comparators, including minimum inhibitory concentrations, total activity and non-peroxide activity. ||  | MIC (% w/v honey) |  |  |  | Antiba",MIC,%w/v,%w/v,False,False,False,Correlation of the antibacterial activity of commercial manuka and Leptospermum honeys from Australia and New Zealand with methylglyoxal content and other physicochemical characteristics.,2022.0,10.1371/journal.pone.0272376,35901185.0,PloS one,PMC9333225,mul,82.4,,,,,,,244.0,,,,,,,,4.24,,,,1.4771212547196624
PMC9333225,t3,MUL,E. coliATCC 25922,E. coli,MIC,,untreated,29.0,,%,,auto_A,"Antibacterial activity of manuka/ Leptospermum  honeys and comparators, including minimum inhibitory concentrations, total activity and non-peroxide activity. ||  | MIC (% w/v honey) |  |  |  | Antiba",MIC,%w/v,%w/v,False,False,False,Correlation of the antibacterial activity of commercial manuka and Leptospermum honeys from Australia and New Zealand with methylglyoxal content and other physicochemical characteristics.,2022.0,10.1371/journal.pone.0272376,35901185.0,PloS one,PMC9333225,mul,82.4,,,,,,,244.0,,,,,,,,4.24,,,,1.462397997898956
PMC9333225,t3,MUL,P. aeruginosaATCC 27853,P. aeruginosa,MIC,,untreated,25.0,,%,,auto_A,"Antibacterial activity of manuka/ Leptospermum  honeys and comparators, including minimum inhibitory concentrations, total activity and non-peroxide activity. ||  | MIC (% w/v honey) |  |  |  | Antiba",MIC,%w/v,%w/v,False,False,False,Correlation of the antibacterial activity of commercial manuka and Leptospermum honeys from Australia and New Zealand with methylglyoxal content and other physicochemical characteristics.,2022.0,10.1371/journal.pone.0272376,35901185.0,PloS one,PMC9333225,mul,82.4,,,,,,,244.0,,,,,,,,4.24,,,,1.3979400086720377
PMC9333225,t3,ART,S. aureusATCC 29213,S. aureus,MIC,,untreated,30.0,,%,gt,auto_A,"Antibacterial activity of manuka/ Leptospermum  honeys and comparators, including minimum inhibitory concentrations, total activity and non-peroxide activity. ||  | MIC (% w/v honey) |  |  |  | Antiba",MIC,%w/v,%w/v,False,False,False,Correlation of the antibacterial activity of commercial manuka and Leptospermum honeys from Australia and New Zealand with methylglyoxal content and other physicochemical characteristics.,2022.0,10.1371/journal.pone.0272376,35901185.0,PloS one,PMC9333225,art,80.3,,,,,,,9.0,,,,,,,,5.73,,,,1.4771212547196624
PMC9333225,t3,ART,E. faecalisATCC 29212,E. faecalis,MIC,,untreated,30.0,,%,gt,auto_A,"Antibacterial activity of manuka/ Leptospermum  honeys and comparators, including minimum inhibitory concentrations, total activity and non-peroxide activity. ||  | MIC (% w/v honey) |  |  |  | Antiba",MIC,%w/v,%w/v,False,False,False,Correlation of the antibacterial activity of commercial manuka and Leptospermum honeys from Australia and New Zealand with methylglyoxal content and other physicochemical characteristics.,2022.0,10.1371/journal.pone.0272376,35901185.0,PloS one,PMC9333225,art,80.3,,,,,,,9.0,,,,,,,,5.73,,,,1.4771212547196624
PMC9333225,t3,ART,E. coliATCC 25922,E. coli,MIC,,untreated,30.0,,%,gt,auto_A,"Antibacterial activity of manuka/ Leptospermum  honeys and comparators, including minimum inhibitory concentrations, total activity and non-peroxide activity. ||  | MIC (% w/v honey) |  |  |  | Antiba",MIC,%w/v,%w/v,False,False,False,Correlation of the antibacterial activity of commercial manuka and Leptospermum honeys from Australia and New Zealand with methylglyoxal content and other physicochemical characteristics.,2022.0,10.1371/journal.pone.0272376,35901185.0,PloS one,PMC9333225,art,80.3,,,,,,,9.0,,,,,,,,5.73,,,,1.4771212547196624
PMC9333225,t3,ART,P. aeruginosaATCC 27853,P. aeruginosa,MIC,,untreated,28.0,,%,,auto_A,"Antibacterial activity of manuka/ Leptospermum  honeys and comparators, including minimum inhibitory concentrations, total activity and non-peroxide activity. ||  | MIC (% w/v honey) |  |  |  | Antiba",MIC,%w/v,%w/v,False,False,False,Correlation of the antibacterial activity of commercial manuka and Leptospermum honeys from Australia and New Zealand with methylglyoxal content and other physicochemical characteristics.,2022.0,10.1371/journal.pone.0272376,35901185.0,PloS one,PMC9333225,art,80.3,,,,,,,9.0,,,,,,,,5.73,,,,1.4471580313422192
