study_id,honey,organism,outcome,concentration_pct,untreated,catalase,residual_frac
PMC6659206,H03 Sumra,MRSA,zone,50.0,18.1,11.4,0.6298342541436464
PMC6659206,H03 Sumra,MSSA,zone,50.0,18.3,11.4,0.6229508196721312
PMC6659206,H05 Talha,MRSA,zone,50.0,14.5,11.8,0.8137931034482759
PMC6659206,H05 Talha,MSSA,zone,50.0,15.5,11.8,0.7612903225806452
PMC6659206,Manuka,MRSA,zone,25.0,12.0,11.1,0.9249999999999999
PMC6659206,Manuka,MRSA,zone,50.0,16.0,14.9,0.93125
PMC6659206,Manuka,MSSA,zone,25.0,12.5,11.1,0.888
PMC6659206,Manuka,MSSA,zone,50.0,16.8,15.4,0.9166666666666666
PMC8021062,Honey A,S. aureus,zone,,10.7,10.75,1.0046728971962617
PMC8021062,Honey B,S. aureus,zone,,13.24,13.3,1.0045317220543808
PMC8021062,Honey C,S. aureus,zone,,10.78,11.05,1.0250463821892395
PMC8021062,Honey D,S. aureus,zone,,10.05,10.14,1.008955223880597
PMC8021062,Honey E,S. aureus,zone,,8.75,9.03,1.032
