param,outcome,n,n_studies,spearman_rho,p
H2O2,MIC,29,2,0.45951290840052794,0.012150500366423785
MGO,MIC,116,1,-0.5171981479129903,2.7758837627877694e-09
aw,MIC,20,1,-0.058202524647464844,0.8074354255894054
pH,MIC,359,7,0.07106014161933023,0.17914224852713842
pH,zone,53,2,-0.5184591771107275,6.985416988041754e-05
TPC,MIC,172,5,-0.15243898306315426,0.04589874942206831
TPC,zone,54,1,0.2590027036407869,0.05860437235155887
moisture,MIC,112,3,0.16546559165200037,0.0812431872969736
moisture,zone,45,1,-0.06787205709942822,0.657766564286062
