dropped,p,med_mk,med_oth
PMC10211265,0.0423097821906557,15.0,20.0
PMC10215129,0.09480429129855775,15.0,17.5
PMC10223701,0.05211500170211483,15.0,20.0
PMC10622673,0.028405962848070832,15.0,20.0
PMC11052219,0.06334144336407925,15.0,20.0
PMC11068765,0.06071508669639476,15.0,20.0
PMC11111008,0.08692827313224136,15.0,20.0
PMC11675739,0.03265053352120616,15.0,20.0
PMC11799142,0.08829062035027752,15.0,20.0
PMC11851655,0.05646773118883073,15.0,20.0
PMC11858134,0.09867910755440673,15.0,18.5
PMC12110744,0.029745707559230623,15.0,20.0
PMC12175512,0.06160242976492074,15.0,20.0
PMC12189776,0.03227860223962439,15.0,20.0
PMC12751895,0.053741372715985364,15.0,20.0
PMC12891082,0.03305456985485049,15.0,20.0
PMC12929673,0.040035011449694756,15.0,20.0
PMC12963514,0.03575732042863751,15.0,20.0
PMC13068764,0.04518774856021589,15.0,20.0
PMC13072155,0.03527720872389342,15.0,20.0
PMC13379289,0.012445080451181945,15.0,20.0
PMC2478674,0.025390187038167793,15.0,20.0
PMC2942791,0.06940167671079778,16.0,20.0
PMC3389331,0.03160213586891585,15.0,20.0
PMC3406342,0.05246437544460257,15.0,20.0
PMC4023514,0.03952836925506769,15.0,20.0
PMC4398880,0.026953505150702703,15.0,20.0
PMC4417269,0.07824541499838913,15.0,18.5
PMC4751499,0.003932878204892336,15.0,20.0
PMC4919268,0.0413548649667479,15.0,20.0
PMC6027671,0.02530238565949479,15.0,20.0
PMC6268398,0.060653601114653274,15.0,20.0
PMC6269728,0.03165321986868382,15.0,20.0
PMC6397887,0.08112822078092245,15.0,20.0
PMC6814216,0.12898116092954703,15.0,20.0
PMC6881396,0.041516014745388886,15.0,20.0
PMC7142649,0.01193933295443316,15.0,20.0
PMC7396681,0.032972955805988295,15.0,20.0
PMC7451694,0.06908972555052155,15.0,19.0
PMC7884280,0.0405169116175804,15.0,20.0
PMC7936102,0.035871245523868354,15.0,20.0
PMC8234392,0.046264178292172504,15.0,19.0
PMC8626341,0.030736596614514108,15.0,20.0
PMC8709083,0.04272447681245646,15.0,20.0
PMC8944737,0.03655034984487518,15.0,20.0
PMC9219755,0.05183937161392441,15.0,20.0
PMC9333225,0.10403755596780201,15.0,20.0
PMC9415335,0.017117978677144124,15.0,20.0
PMC9505312,0.017857123721555675,15.0,20.0
PMC6659206,0.045552773172800876,15.0,20.0
