study_id,organism,outcome,concentration_pct,natural_mean,n_natural,artificial_mean,n_artificial,diff,ratio,potency_ratio
PMC11111008,E. faecalis,MIC,,25.3125,32,30.0,1,-4.6875,0.84375,1.1851851851851851
PMC11111008,P. aeruginosa,MIC,,18.125,32,25.0,1,-6.875,0.725,1.3793103448275863
PMC11111008,S. aureus,MIC,,5.765625,32,0.0,1,5.765625,,0.0
PMC3406342,fungal,MIC,,31.24117647058823,17,40.7,1,-9.458823529411774,0.7675964734788262,1.302767840331388
PMC6659206,E. coli,MIC,,15.0,2,30.0,1,-15.0,0.5,2.0
PMC6659206,MRSA,MIC,,13.0,2,35.0,1,-22.0,0.3714285714285714,2.6923076923076925
PMC6659206,MSSA,MIC,,13.0,2,35.0,1,-22.0,0.3714285714285714,2.6923076923076925
PMC7076972,E. coli,zone,,5.571428571428571,7,0.0,1,5.571428571428571,,
PMC7076972,H. influenzae,zone,,7.52,5,0.0,1,7.52,,
PMC7076972,S. aureus,zone,,9.142857142857142,7,0.0,1,9.142857142857142,,
PMC7076972,S. pyogenes,zone,,7.74,5,0.0,1,7.74,,
PMC8234392,S. aureus,MBC,,23.61111111111111,9,25.0,1,-1.3888888888888893,0.9444444444444444,1.0588235294117647
PMC8234392,S. aureus,MIC,,23.68421052631579,19,25.0,1,-1.3157894736842088,0.9473684210526316,1.0555555555555556
PMC8234392,Salmonella,MBC,,23.61111111111111,9,25.0,1,-1.3888888888888893,0.9444444444444444,1.0588235294117647
PMC8234392,Salmonella,MIC,,23.68421052631579,19,25.0,1,-1.3157894736842088,0.9473684210526316,1.0555555555555556
PMC8304482,H. influenzae,zone,25.0,1.6666666666666663,6,1.15,2,0.5166666666666664,1.4492753623188404,1.4492753623188404
PMC8304482,H. influenzae,zone,50.0,1.9333333333333336,6,1.35,2,0.5833333333333335,1.432098765432099,1.432098765432099
PMC8304482,K. pneumoniae,zone,25.0,1.5333333333333332,3,0.9,1,0.6333333333333332,1.7037037037037035,1.7037037037037035
PMC8304482,K. pneumoniae,zone,50.0,1.9333333333333331,3,1.3,1,0.6333333333333333,1.4871794871794872,1.487179487179487
PMC8304482,P. aeruginosa,zone,25.0,1.2,3,0.9,1,0.2999999999999999,1.3333333333333333,1.3333333333333333
PMC8304482,P. aeruginosa,zone,50.0,1.7666666666666666,3,1.2,1,0.5666666666666667,1.4722222222222223,1.4722222222222223
