study_id,D1_assay_std,D2_comparator,D3_dispersion,conc_series_available,D5_mechanism,D6_reporting,total,rating
PMC10141347,1,1,1,0,2,1,6,some
PMC10211265,2,1,1,0,1,1,6,some
PMC10215129,2,1,1,0,1,2,7,some
PMC10223701,2,1,1,0,1,1,6,some
PMC10386826,1,1,1,0,2,1,6,some
PMC10534861,2,1,1,0,1,1,6,some
PMC10622673,2,1,1,0,1,1,6,some
PMC10856440,1,1,1,0,1,2,6,some
PMC11052219,2,1,1,0,1,1,6,some
PMC11068765,2,1,1,0,1,2,7,some
PMC11109849,1,1,1,0,1,2,6,some
PMC11111008,2,2,1,0,2,1,8,low
PMC11120828,1,1,1,0,1,2,6,some
PMC11279380,2,1,1,0,1,1,6,some
PMC11311187,1,1,1,0,1,2,6,some
PMC11376693,1,1,1,1,1,2,6,some
PMC11561629,2,1,1,0,1,1,6,some
PMC11585709,1,1,1,0,1,2,6,some
PMC11596660,2,1,1,0,1,1,6,some
PMC11675739,2,1,1,0,1,1,6,some
PMC11682447,2,1,1,0,2,1,7,some
PMC11792292,1,1,1,1,1,1,5,high
PMC11799142,2,1,1,0,1,2,7,some
PMC11851655,2,1,1,0,1,1,6,some
PMC11858134,2,1,1,0,1,1,6,some
PMC11941359,2,1,1,0,1,2,7,some
PMC12092607,1,1,1,0,1,2,6,some
PMC12110744,2,1,1,0,1,1,6,some
PMC12175512,2,1,1,0,2,1,7,some
PMC12189776,2,1,1,0,1,1,6,some
PMC12240352,1,1,1,0,1,2,6,some
PMC12249035,2,1,1,0,1,1,6,some
PMC12379519,1,1,1,0,1,2,6,some
PMC12532491,1,1,1,1,1,2,6,some
PMC12686235,2,1,1,0,1,1,6,some
PMC12751895,2,1,1,0,1,1,6,some
PMC12861962,1,1,1,0,1,2,6,some
PMC12891082,2,1,1,0,1,1,6,some
PMC12929673,2,1,1,0,1,1,6,some
PMC12963514,2,1,1,0,1,1,6,some
PMC13035723,2,1,1,0,1,2,7,some
PMC13068764,2,1,1,0,1,1,6,some
PMC13072155,2,1,1,0,1,1,6,some
PMC13379289,2,1,1,0,1,1,6,some
PMC13514261,1,1,1,0,1,2,6,some
PMC2478674,2,1,1,1,1,1,6,some
PMC2942791,2,1,1,0,1,2,7,some
PMC3042689,2,1,1,0,1,2,7,some
PMC3389331,2,1,1,0,2,1,7,some
PMC3406342,2,2,1,0,2,1,8,low
PMC3716576,2,1,1,0,2,2,8,low
PMC4023514,2,1,1,1,1,1,6,some
PMC4029012,2,1,1,0,1,1,6,some
PMC4206207,1,1,1,0,1,2,6,some
PMC4382210,2,1,1,0,1,1,6,some
PMC4398880,2,1,1,0,1,1,6,some
PMC4417269,2,1,1,0,1,2,7,some
PMC4751499,2,1,1,0,1,1,6,some
PMC4783026,1,1,1,0,1,1,5,high
PMC4919268,2,1,1,0,1,1,6,some
PMC5489923,2,1,1,0,1,2,7,some
PMC6027671,2,1,1,0,1,2,7,some
PMC6034916,1,1,1,0,1,2,6,some
PMC6252015,1,1,1,0,1,2,6,some
PMC6268398,2,1,1,0,1,1,6,some
PMC6269728,2,2,1,0,1,1,7,some
PMC6313337,2,1,1,0,1,2,7,some
PMC6332115,1,1,1,0,1,2,6,some
PMC6397887,2,1,1,0,1,2,7,some
PMC6425412,1,1,1,0,1,2,6,some
PMC6659206,2,2,2,1,2,2,10,low
PMC6814216,2,1,1,0,1,1,6,some
PMC6881396,2,1,1,0,2,1,7,some
PMC6977423,1,1,1,0,1,2,6,some
PMC7076972,1,2,1,0,1,2,7,some
PMC7142649,2,1,1,0,1,1,6,some
PMC7396681,2,1,1,0,1,2,7,some
PMC7451694,2,1,1,0,1,1,6,some
PMC7719625,2,2,1,0,1,1,7,some
PMC7884280,2,1,1,0,1,1,6,some
PMC7936102,2,1,1,0,2,2,8,low
PMC8021062,1,1,1,0,2,2,7,some
PMC8125924,1,1,1,0,2,1,6,some
PMC8209695,1,1,1,0,2,1,6,some
PMC8234392,2,2,1,1,2,2,9,low
PMC8272120,2,1,1,0,1,1,6,some
PMC8304482,1,2,1,0,1,2,7,some
PMC8307090,1,1,1,0,1,2,6,some
PMC8626341,2,1,1,0,2,1,7,some
PMC8709083,2,1,1,0,1,1,6,some
PMC8868498,2,1,1,0,1,1,6,some
PMC8944737,2,1,1,1,2,2,8,low
PMC8997407,2,1,1,0,1,1,6,some
PMC9219755,2,1,1,0,1,1,6,some
PMC9311549,2,1,1,0,1,1,6,some
PMC9333225,2,1,1,0,2,1,7,some
PMC9371847,2,1,1,0,1,2,7,some
PMC9415335,2,1,1,0,1,2,7,some
PMC9505312,2,1,1,0,1,2,7,some
PMC9607359,2,1,1,0,1,1,6,some
PMC9703798,2,1,1,0,1,2,7,some
PMC9951885,2,1,1,0,1,1,6,some
PMC9958606,1,1,1,0,1,1,5,high
