repo,id,title,doi,year
zenodo,7919516,"Synergic antibacterial activity of honey-garlic versus honey-ginger on Pseudomonas aeruginosa and Klebsiella pneumoniae isolated from acute wound infection in Guyana, South America",10.5281/zenodo.7919516,2023
zenodo,10077424,Screening of the antibacterial and anti-biofilm effect of multifloral honey against multidrug-resistant Pseudomonas aeruginosa,10.5281/zenodo.10077424,2022
zenodo,14870956,"Physicochemical properties, antioxidant and antimicrobial activity of seven honey samples collected in the Nišava district",10.46793/BiolNyss.16.1.2J,2025
zenodo,18801174,Exploring the Antibacterial Effects of Pine Honey,10.5281/zenodo.18801174,2025
zenodo,18672430,Antibacterial Effect of Spanish Honeys of Different Botanical Origins against Staphylococcus epidermidis,10.3390/ ijms25126590,2024
zenodo,7703956,ROYAL JELLY AND BEE HONEY COMBINATION – A NEW PERSPECTIVE FOR ANTIBACTERIAL THERAPY OF SKIN AND INTESTINAL INFECTIONS,10.5281/zenodo.7703956,2023
zenodo,15378178,"Evaluation of the Physicochemical, Antimicrobial and Anti-Oxidant Activities of Overseas and Nigerian Honeys",10.5281/zenodo.15378178,2024
figshare,33873211,Sweet and sour synergy : exploring the antibacterial and antibiofilm activity of acetic acid and vinegar combined with medical-grade honeys,10.1099/mic.0.001351,2026
figshare,32923289,Clinical and postoperative applications of manuka honey in wound healing: an evidence-based review,,2026
figshare,33180873,Additional file 1 of Manuka honey as a multifunctional therapeutic against Helicobacter pylori: from chemical profiling to in vitro potency and in vivo gastroprotective efficacy,10.6084/m9.figshare.33180873.v1,2026
figshare,32785079,Cytotoxic and antibacterial potential of Eucalyptus honey: in vitro assessment on human cancer cell lines and bacterial strains,10.6084/m9.figshare.32785079.v1,2026
figshare,32488794,Honey: an advanced antimicrobial and wound healing biomaterial for tissue engineering applications,,2026
figshare,32485413,Preliminary characterization of a polycaprolactone-surgihoneyRO electrospun mesh for skin tissue engineering,,2026
figshare,31654918,Evidence Summary: Wound management: medical-grade honey,,2026
figshare,31423828,Additional file 1 of The impact of wound pH on the antibacterial properties of Medical Grade Honey when applied to bacterial isolates present in common foot and ankle wounds. An in vitro study,10.6084/m9.figshare.31423828.v1,2026
figshare,31219363,Table 5_Comparative nutritional and antioxidant profiling of Assam honeys: unveiling the untapped bioactivity of stingless bee honey.docx,10.3389/fnut.2025.1737497.s001,2026
figshare,31219348,Table 2_Comparative nutritional and antioxidant profiling of Assam honeys: unveiling the untapped bioactivity of stingless bee honey.docx,10.3389/fnut.2025.1737497.s004,2026
figshare,31219357,Table 3_Comparative nutritional and antioxidant profiling of Assam honeys: unveiling the untapped bioactivity of stingless bee honey.docx,10.3389/fnut.2025.1737497.s003,2026
figshare,31219360,Table 4_Comparative nutritional and antioxidant profiling of Assam honeys: unveiling the untapped bioactivity of stingless bee honey.docx,10.3389/fnut.2025.1737497.s002,2026
figshare,31219342,Table 1_Comparative nutritional and antioxidant profiling of Assam honeys: unveiling the untapped bioactivity of stingless bee honey.docx,10.3389/fnut.2025.1737497.s005,2026
figshare,30194993,Cascara Pulp: A Novel Ingredient for Healthy Kombucha by Using Honey and Brown Sugar,10.6084/m9.figshare.30194993.v1,2025
figshare,29523038,"Antibacterial activity (inhibition zone diameters in mm) of honey samples against tested bacterial strains at 25%, 50%, and 75% concentrations.",10.1371/journal.pone.0327861.t002,2025
figshare,28971776,"Characterizing the mechanism of action of an ancient antimicrobial, Manuka honey, against Pseudomonas aeruginosa using modern transcriptomics",,2025
figshare,28666643,"Green and Sustainable
Electrospun Poly(vinyl alcohol)/Eggshell
Nanofiber Membrane with Lemon-Honey for Facial Mask Development",10.1021/acsomega.4c09385.s001,2025
figshare,28415645,Additional file 1 of Antimicrobial and antioxidant potential of Yemeni Sidr honey against multidrug-resistant pathogens – in vitro and in silico studies,10.6084/m9.figshare.28415645.v1,2025
figshare,27579981,Production of bioactive honey from medicinal plants using alternative and conventional production methods,10.25439/rmt.27579981,2024
figshare,27525543,Structural variation in gelatin networks from low to high-solid systems effected by honey addition,,2024
figshare,27517023,Infrared spectroscopy as a rapid tool to detect methylglyoxal and antibacterial activity in Australian honeys,,2024
figshare,26921404,Image_2_PCL-gelatin honey scaffolds promote Staphylococcus aureus agrA expression in biofilms with Pseudomonas aeruginosa.JPEG,10.3389/fmicb.2024.1440658.s002,2024
figshare,26921407,Image_3_PCL-gelatin honey scaffolds promote Staphylococcus aureus agrA expression in biofilms with Pseudomonas aeruginosa.JPEG,10.3389/fmicb.2024.1440658.s003,2024
figshare,26921410,Presentation_1_PCL-gelatin honey scaffolds promote Staphylococcus aureus agrA expression in biofilms with Pseudomonas aeruginosa.pdf,10.3389/fmicb.2024.1440658.s004,2024
figshare,26921398,Image_1_PCL-gelatin honey scaffolds promote Staphylococcus aureus agrA expression in biofilms with Pseudomonas aeruginosa.JPEG,10.3389/fmicb.2024.1440658.s001,2024
figshare,26353132,The rapid evaporative ionisation mass spectrometry metabolite fingerprint of <i>Leptospermum </i>honey is strongly associated with geographic origin,10.57935/AGR.26353132.v1,2024
figshare,26311717,An extra honey polyphenols-rich diet ameliorates the high-fat diet induced chronic kidney disease via modulating gut microbiota in C57BL/6 mice,10.6084/m9.figshare.26311717.v1,2024
figshare,26297407,Antibacterial and antibiofilm activities of Sarawak stingless bee honey against Pseudomonas aeruginosa,10.25916/sut.26297407.v1,2024
figshare,26296341,"Chemical characterisation, thermal analysis, and antibacterial activity of honeys from Caatinga stingless bees of <i>Melipona</i> spp.",10.6084/m9.figshare.26296341.v1,2024
figshare,23664588,Quality assessment of New Zealand mānuka honey using hyperspectral imaging combined with deep learning,10.57935/AGR.23664588.v1,2024
figshare,25820610,Average inhibition of the stingless bee honey.,10.1371/journal.pone.0301201.s011,2024
figshare,25820607,Mean inhibition of the stingless bee honey.,10.1371/journal.pone.0301201.s010,2024
figshare,25820592,Phytochemical nutritive properties of stingless honey.,10.1371/journal.pone.0301201.s005,2024
figshare,25820589,Physicochemical nutritive properties of stingless honey.,10.1371/journal.pone.0301201.s004,2024
figshare,25820586,Physicochemical nutritive properties of stingless bee honey.,10.1371/journal.pone.0301201.s003,2024
figshare,25820583,Physicochemical nutritive properties of stingless bee honey.,10.1371/journal.pone.0301201.s002,2024
figshare,25712798,Intestinal microbial diversity in domestic honey bees and evaluation of their probiotic properties,10.6084/m9.figshare.25712798.v1,2024
figshare,25209009,Differential expression of antimicrobial peptide encoding genes of honey bee (<i>Apis mellifera</i>) after Varroa mite (<i>Varroa destructor</i>) infestation,10.6084/m9.figshare.25209009.v1,2024
figshare,24757130,"Layer-by-Layer Coatings
of Collagen–Hyaluronic
acid Loaded with an Antibacterial Manuka Honey Bioactive Compound
to Fight Metallic Implant Infections",10.1021/acsami.3c11910.s001,2023
figshare,24469041,Selected biochemical characteristics of New Caledonian honey samples (n = 33).,10.1371/journal.pone.0293730.t003,2023
figshare,24469038,Physicochemical and organoleptic characteristics of New Caledonian honey samples (n = 33).,10.1371/journal.pone.0293730.t002,2023
figshare,24469035,Melissopalynological analysis of collected New Caledonian honey samples (n = 33).,10.1371/journal.pone.0293730.t001,2023
figshare,24469032,Antibacterial activity of selected New Caledonian honey samples (n = 8) against <i>Staphylococcus aureus</i> after bacterial re-inoculation at 4 h.,10.1371/journal.pone.0293730.g007,2023
figshare,24469029,Generation of hydrogen peroxide (H<sub>2</sub>O<sub>2</sub>) in diluted honey samples during 3 hours of incubation.,10.1371/journal.pone.0293730.g006,2023
figshare,24469026,Twenty-four-hour pattern of the generation of hydrogen peroxide (H<sub>2</sub>O<sub>2</sub>) in diluted honey samples.,10.1371/journal.pone.0293730.g005,2023
figshare,24469023,Antibacterial activity of selected New Caledonian honey samples (n = 8) following catalase treatment against <i>Staphylococcus aureus</i>.,10.1371/journal.pone.0293730.g004,2023
figshare,24469020,Bactericidal effects of selected New Caledonian honey samples (n = 8) at their minimal inhibitory concentrations (MICs) at different time points against <i>Staphylococcus aureus</i>.,10.1371/journal.pone.0293730.g003,2023
figshare,24469017,Bioplot of the principal components analysis of honey from different botanical origins.,10.1371/journal.pone.0293730.g002,2023
figshare,24469014,Antibacterial activity of New Caledonian (n = 33) and manuka (UMF 15+ and MGO 550+) honey samples.,10.1371/journal.pone.0293730.g001,2023
figshare,24469008,Qualitative pollen analysis of collected New Caledonian honey samples (n = 33).,10.1371/journal.pone.0293730.s002,2023
figshare,24469005,Detailed representative analysis of SDS-PAGE protein profiles of collected New Caledonian honey samples (n = 33).,10.1371/journal.pone.0293730.s001,2023
figshare,24356116,Image_3_Combinatorial efficacy of Manuka honey and antibiotics in the in vitro control of staphylococci and their small colony variants.jpg,10.3389/fcimb.2023.1219984.s003,2023
figshare,24356110,Image_1_Combinatorial efficacy of Manuka honey and antibiotics in the in vitro control of staphylococci and their small colony variants.jpg,10.3389/fcimb.2023.1219984.s001,2023
figshare,24356113,Image_2_Combinatorial efficacy of Manuka honey and antibiotics in the in vitro control of staphylococci and their small colony variants.jpg,10.3389/fcimb.2023.1219984.s002,2023
figshare,23522884,Antibacterial effects of propolis and brood comb extracts on the causative agent of European Foulbrood (<i>Melissococcus plutonius</i>) in honey bees (<i>Apis mellifera</i>),10.6084/m9.figshare.23522884.v1,2023
figshare,22808318,Table_1_Antibacterial and wound-healing action of Ulmo honey (Eucryphia cordifolia) of differing degrees of purity.DOCX,10.3389/fvets.2023.1172025.s001,2023
figshare,22802462,Data_Sheet_1_Antioxidant and antibacterial activity of Apis laboriosa honey against Salmonella enterica serovar Typhimurium.docx,10.3389/fnut.2023.1181492.s001,2023
figshare,22269262,Electrospinning of honey and propolis for wound care,,2023
figshare,21657605,Honey as an effective antimicrobial treatment for chronic wounds: is there a place for it in modern medicine?,,2022
figshare,20984680,The Antibacterial Activity of Honey,10.25401/cardiffmet.20984680.v1,2022
figshare,20985106,The Effect of Manuka Honey on the Cell Cycle of MRSA,10.25401/cardiffmet.20985106.v1,2022
figshare,19387442,Murray et al 2022 - Antibacterial effects of propolis and brood comb extracts on the causative agent of European Foulbrood (Melissococcus plutonius) in honey bees (Apis mellifera) - Supplemental Data and Figures,10.6084/m9.figshare.19387442.v4,2022
figshare,20678059,"Additional file 1 of Antibacterial interactions between two monofloral honeys and several topical antiseptics, including essential oils",10.6084/m9.figshare.20678059.v1,2022
figshare,20397952,Antibacterial activity of multifloral honey amended with concentrations of MGO ranging from 50 to 1000 mg/kg.,10.1371/journal.pone.0272376.t005,2022
figshare,20397949,"Antibacterial activity of manuka/<i>Leptospermum</i> honeys and comparators, including minimum inhibitory concentrations, total activity and non-peroxide activity.",10.1371/journal.pone.0272376.t004,2022
figshare,20397946,"Pearson correlation matrix showing relationships between physicochemical properties, antibacterial and antioxidant activities of manuka/<i>Leptospermum</i> honeys.",10.1371/journal.pone.0272376.t003,2022
figshare,20397940,"Floral source, country of origin and MGO levels as stated on product labels, for manuka/<i>Leptospermum</i> honeys and comparators.",10.1371/journal.pone.0272376.t001,2022
figshare,20397943,"Physicochemical properties, MGO, DHA and HMF content, and antioxidant activity of manuka/<i>Leptospermum</i> and comparator honeys.",10.1371/journal.pone.0272376.t002,2022
figshare,20397937,"Time kill curves of thee manuka honeys with varying MGO content, a multifloral honey and artificial honey against <i>S</i>. <i>aureus</i> ATCC 29213 and <i>E</i>. <i>coli</i> ATCC 25922.",10.1371/journal.pone.0272376.g003,2022
figshare,20397934,Heat maps of checkerboards showing multifloral honey in combination with MGO.,10.1371/journal.pone.0272376.g002,2022
figshare,20397931,Heat maps of relative optical density at 24 h for selected manuka honeys and multifloral honey.,10.1371/journal.pone.0272376.g001,2022
figshare,19935926,"Honeys derived from plants of the coastal sandplains of Western Australia: antibacterial and antioxidant activity, and other characteristics",10.6084/m9.figshare.19935926.v1,2022
figshare,19780165,On the antibacterial effects of manuka honey: mechanistic insights,,2022
figshare,10768655,"Comparison of the antimicrobial activity of Ulmo honey from Chile and Manuka honey against methicillin-resistant Staphylococcus aureus, Escherichia coli and Pseudomonas aeruginosa.",,2022
figshare,18551396,Table_2_Use of Transposon Directed Insertion-Site Sequencing to Probe the Antibacterial Mechanism of a Model Honey on E. coli K-12.DOCX,10.3389/fmicb.2021.803307.s002,2022
figshare,18551393,Table_1_Use of Transposon Directed Insertion-Site Sequencing to Probe the Antibacterial Mechanism of a Model Honey on E. coli K-12.XLSX,10.3389/fmicb.2021.803307.s001,2022
figshare,17707400,"Total
Synthesis and Biological Evaluation of Paenilamicins
from the Honey Bee Pathogen <i>Paenibacillus larvae</i>",10.1021/jacs.1c09616.s001,2021
figshare,17026058,DataSheet1_In situ Forming Hyperbranched PEG—Thiolated Hyaluronic Acid Hydrogels With Honey-Mimetic Antibacterial Properties.pdf,10.3389/fbioe.2021.742135.s001,2021
