n,pmcid,ref,doi
1,PMC6659206,"Hussain MB, Kamel YM, Ullah Z, Jiman-Fatani AAM, Ahmad AS. In vitro evaluation of methicillin-resistant and methicillin-sensitive Staphylococcus aureus susceptibility to Saudi honeys. BMC complementary and alternative medicine 2019. https://doi.org/10.1186/s12906-019-2603-8",10.1186/s12906-019-2603-8
2,PMC8626341,Halawani EM. Potential effects of Saudi Shaoka (Fagonia bruguieri) honey against multi-drug-resistant bacteria and cancer cells in comparison to Manuka honey. Saudi journal of biological sciences 2021. https://doi.org/10.1016/j.sjbs.2021.08.055,10.1016/j.sjbs.2021.08.055
3,PMC6332115,"Boateng J, Diunase KN. Comparing the Antibacterial and Functional Properties of Cameroonian and Manuka Honeys for Potential Wound Healing-Have We Come Full Cycle in Dealing with Antibiotic Resistance?. Molecules 2015. https://doi.org/10.3390/molecules200916068",10.3390/molecules200916068
4,PMC7076972,"Brown E, O'Brien M, Georges K, Suepaul S. Physical characteristics and antimicrobial properties of Apis mellifera, Frieseomelitta nigra and Melipona favosa bee honeys from apiaries in Trinidad and Tobago. BMC complementary medicine and therapies 2020. https://doi.org/10.1186/s12906-020-2829-5",10.1186/s12906-020-2829-5
5,PMC8234392,"Gkoutzouvelidou M, Panos G, Xanthou MN, Papachristoforou A, Giaouris E. Comparing the Antimicrobial Actions of Greek Honeys from the Island of Lemnos and Manuka Honey from New Zealand against Clinically Important Bacteria. Foods 2021. https://doi.org/10.3390/foods10061402",10.3390/foods10061402
6,PMC12175512,"Fernandes KE, Levina A, Cokcetin NN, Haley D, Li J, Brooks P, Gloag R, Carter DA. Strong antimicrobial activity and unique physicochemical characteristics in honey from Australian stingless bees &lt;i&gt;Tetragonula carbonaria&lt;/i&gt;, &lt;i&gt;Tetragonula hockingsi&lt;/i&gt;, and &lt;i&gt;Austroplebeia australis&lt;/i&gt;. Applied and environmental microbiology 2025. https://doi.org/10.1128/aem.02523-24",10.1128/aem.02523-24
7,PMC8944737,"Stavropoulou E, Voidarou CC, Rozos G, Vaou N, Bardanis M, Konstantinidis T, Vrioni G, Tsakris A. Antimicrobial Evaluation of Various Honey Types against Carbapenemase-Producing Gram-Negative Clinical Isolates. Antibiotics 2022. https://doi.org/10.3390/antibiotics11030422",10.3390/antibiotics11030422
8,PMC6814216,"Girma A, Seo W, She RC. Antibacterial activity of varying UMF-graded Manuka honeys. PloS one 2019. https://doi.org/10.1371/journal.pone.0224495",10.1371/journal.pone.0224495
9,PMC2942791,"Sherlock O, Dolan A, Athman R, Power A, Gethin G, Cowman S, Humphreys H. Comparison of the antimicrobial activity of Ulmo honey from Chile and Manuka honey against methicillin-resistant Staphylococcus aureus, Escherichia coli and Pseudomonas aeruginosa. BMC complementary and alternative medicine 2010. https://doi.org/10.1186/1472-6882-10-47",10.1186/1472-6882-10-47
10,PMC9333225,"Green KJ, Lawag IL, Locher C, Hammer KA. Correlation of the antibacterial activity of commercial manuka and Leptospermum honeys from Australia and New Zealand with methylglyoxal content and other physicochemical characteristics. PloS one 2022. https://doi.org/10.1371/journal.pone.0272376",10.1371/journal.pone.0272376
11,PMC12929673,"Fernandes KE, Dong A, Ayton J, Groves L, Graham K, Brooks P, Cokcetin N, Carter DA. Diverse Forage Enhances the Antimicrobial Potency of Australian Honey. MicrobiologyOpen 2026. https://doi.org/10.1002/mbo3.70238",10.1002/mbo3.70238
12,PMC6034916,"Stagos D, Soulitsiotis N, Tsadila C, Papaeconomou S, Arvanitis C, Ntontos A, Karkanta F, Adamou-Androulaki S, Petrotos K, Spandidos DA, Kouretas D, Mossialos D. Antibacterial and antioxidant activity of different types of honey derived from Mount Olympus in Greece. International journal of molecular medicine 2018. https://doi.org/10.3892/ijmm.2018.3656",10.3892/ijmm.2018.3656
13,PMC13035723,"Hillebrand J, Oltmanns H, Meißner J. &lt;i&gt;In vitro&lt;/i&gt; efficacy of four potential antimicrobial substances against &lt;i&gt;Klebsiella&lt;/i&gt; species and &lt;i&gt;Streptococcus uberis&lt;/i&gt; isolated from bovine mastitis. Frontiers in veterinary science 2026. https://doi.org/10.3389/fvets.2026.1782821",10.3389/fvets.2026.1782821
14,PMC7936102,"Fernandes L, Ribeiro H, Oliveira A, Sanches Silva A, Freitas A, Henriques M, Rodrigues ME. Portuguese honeys as antimicrobial agents against Candida species. Journal of traditional and complementary medicine 2021. https://doi.org/10.1016/j.jtcme.2020.02.007",10.1016/j.jtcme.2020.02.007
15,PMC11792292,"Alshaybawee MR, Asgari S, Ghadersoltani P, Mehrabian A, Saniee P. Exploring the antibacterial and anti-biofilm activity of two Iranian medical-grade kinds of honey on multidrug-resistant Pseudomonas aeruginosa. BMC complementary medicine and therapies 2025. https://doi.org/10.1186/s12906-025-04778-1",10.1186/s12906-025-04778-1
16,PMC10215129,"Skadiņš I, Labsvārds KD, Grava A, Amirian J, Tomsone LE, Ruško J, Viksna A, Bandere D, Brangule A. Antimicrobial and Antibiofilm Properties of Latvian Honey against Causative Agents of Wound Infections. Antibiotics 2023. https://doi.org/10.3390/antibiotics12050816",10.3390/antibiotics12050816
17,PMC3406342,"Chen C, Campbell LT, Blair SE, Carter DA. The effect of standard heat and filtration processing procedures on antimicrobial activity and hydrogen peroxide levels in honey. Frontiers in microbiology 2012. https://doi.org/10.3389/fmicb.2012.00265",10.3389/fmicb.2012.00265
18,PMC12963514,"Barvelink M, Brok B, Djajadiningrat-Laanen SC, Vernooij JCM, Broens EM, Slenter IJM. In Vitro Activity of Manuka Honey, Either Alone or in Combination With Topical Antibiotics, Against Bacteria Commonly Found in Equine Ulcerative Keratitis. Veterinary ophthalmology 2026. https://doi.org/10.1111/vop.70111",10.1111/vop.70111
19,PMC11111008,"Fernandes KE, Dong AZ, Levina A, Cokcetin NN, Brooks P, Carter DA. Long-term stability and the physical and chemical factors predictive for antimicrobial activity in Australian honey. PloS one 2024. https://doi.org/10.1371/journal.pone.0303095",10.1371/journal.pone.0303095
20,PMC11109849,"Ndungu NN, Kegode TM, Kurgat JK, Baleba SBS, Cheseto X, Turner S, Tasse Taboue GC, Kasina JM, Subramanian S, Nganso BT. Bio-functional properties and phytochemical composition of selected Apis mellifera honey from Africa. Heliyon 2024. https://doi.org/10.1016/j.heliyon.2024.e30839",10.1016/j.heliyon.2024.e30839
21,PMC11682447,"Grabek-Lejko D, Miłek M, Dżugan M. The comparison of the antioxidant, antibacterial and antiviral potential of Polish fir honeydew and Manuka honeys. Scientific reports 2024. https://doi.org/10.1038/s41598-024-82429-0",10.1038/s41598-024-82429-0
22,PMC8125924,"Zhang YZ, Si JJ, Li SS, Zhang GZ, Wang S, Zheng HQ, Hu FL. Chemical Analyses and Antimicrobial Activity of Nine Kinds of Unifloral Chinese Honeys Compared to Manuka Honey (12+ and 20+). Molecules 2021. https://doi.org/10.3390/molecules26092778",10.3390/molecules26092778
23,PMC7719625,"Qu Y, McGiffin D, Kure C, McLean J, Duncan C, Peleg AY. In vitro Evaluation of Medihoney Antibacterial Wound Gel as an Anti-biofilm Agent Against Ventricular Assist Device Driveline Infections. Frontiers in microbiology 2020. https://doi.org/10.3389/fmicb.2020.605608",10.3389/fmicb.2020.605608
24,PMC6397887,"Anand S, Deighton M, Livanos G, Morrison PD, Pang ECK, Mantri N. Antimicrobial Activity of Agastache Honey and Characterization of Its Bioactive Compounds in Comparison With Important Commercial Honeys. Frontiers in microbiology 2019. https://doi.org/10.3389/fmicb.2019.00263",10.3389/fmicb.2019.00263
25,PMC8997407,"Tsavea E, Vardaka FP, Savvidaki E, Kellil A, Kanelis D, Bucekova M, Grigorakis S, Godocikova J, Gotsiou P, Dimou M, Loupassaki S, Remoundou I, Tsadila C, Dimitriou TG, Majtan J, Tananaki C, Alissandrakis E, Mossialos D. Physicochemical Characterization and Biological Properties of Pine Honey Produced across Greece. Foods 2022. https://doi.org/10.3390/foods11070943",10.3390/foods11070943
26,PMC3389331,"Brudzynski K, Abubaker K, Wang T. Powerful bacterial killing by buckwheat honeys is concentration-dependent, involves complete DNA degradation and requires hydrogen peroxide. Frontiers in microbiology 2012. https://doi.org/10.3389/fmicb.2012.00242",10.3389/fmicb.2012.00242
27,PMC10386826,"Dong AZ, Cokcetin N, Carter DA, Fernandes KE. Unique antimicrobial activity in honey from the Australian honeypot ant (Camponotus inflatus). PeerJ 2023. https://doi.org/10.7717/peerj.15645",10.7717/peerj.15645
28,PMC11596660,"Nagy-Radványi L, Ormai E, Koloh R, Ángyán VD, Kocsis B, Bencsik-Kerekes E, Szabó P, Csikós E, Farkas Á, Horváth G, Kocsis M, Balázs VL. Biofilm Inhibition Activity of Fennel Honey, Fennel Essential Oil and Their Combination. Microorganisms 2024. https://doi.org/10.3390/microorganisms12112309",10.3390/microorganisms12112309
29,PMC11561629,"Bouddine T, Kachmar MR, Akdad M, Bouymajane A, Ajebli M, Mothana RA, Alanzi AR, Hajjaj H, Khallouki F, Reybroeck W, Van Poucke C, Hajji L. Authentication of Ziziphus lotus Honey from the Middle Atlas Mountains of Morocco: Physicochemical Properties, Mineral Content, Sugar, Polyphenol Profiles, and Antioxidant Capacity. ACS omega 2024. https://doi.org/10.1021/acsomega.4c04284",10.1021/acsomega.4c04284
30,PMC9415335,"Assaggaf HM, Naceiri Mrabti H, Naceiri Mrabti H, Rajab BS, Attar AA, Hamed M, Sheikh RA, Omari NE, Menyiy NE, Belmehdi O, Mahmud S, Alshahrani MM, Park MN, Kim B, Zengin G, Bouyahya A. Singular and Combined Effects of Essential Oil and Honey of Eucalyptus Globulus on Anti-Inflammatory, Antioxidant, Dermatoprotective, and Antimicrobial Properties: In Vitro and In Vivo Findings. Molecules 2022. https://doi.org/10.3390/molecules27165121",10.3390/molecules27165121
31,PMC9607359,"Bazaid AS, Aldarhami A, Patel M, Adnan M, Hamdi A, Snoussi M, Qanash H, Imam M, Monjed MK, Khateb AM. The Antimicrobial Effects of Saudi Sumra Honey against Drug Resistant Pathogens: Phytochemical Analysis, Antibiofilm, Anti-Quorum Sensing, and Antioxidant Activities. Pharmaceuticals 2022. https://doi.org/10.3390/ph15101212",10.3390/ph15101212
32,PMC12532491,"Kumera B, Gebreamanule B, Atnkut B, Merid M, Tilahun T, Tsega A, Fassil A, Dessie Y, Kassie B. In Vitro Antibacterial Activity of Raw Honey From Apis mellifera, Awi Zone, Amhara, Ethiopia. MicrobiologyOpen 2025. https://doi.org/10.1002/mbo3.70076",10.1002/mbo3.70076
33,PMC11052219,"Clare J, Lindley MR, Ratcliffe E. The Antimicrobial and Antibiofilm Abilities of Fish Oil Derived Polyunsaturated Fatty Acids and Manuka Honey. Microorganisms 2024. https://doi.org/10.3390/microorganisms12040778",10.3390/microorganisms12040778
34,PMC13379289,"Elgazar AA, Ghazy MG, Badria FA. Egyptian fennel honey as a potential sustainable and economical alternative to manuka honey: a multi-parameter comparative study. RSC advances 2026. https://doi.org/10.1039/d6ra02816k",10.1039/d6ra02816k
35,PMC8021062,"Jibril FI, Mohd Hilmi AB, Aliyu S. Effect of Non-hydrogen Peroxide on Antibacterial Activity of Malaysian Meliponini Honey against Staphylococcus aureus. Journal of pharmacy & bioallied sciences 2020. https://doi.org/10.4103/jpbs.jpbs_280_19",10.4103/jpbs.jpbs_280_19
36,PMC9371847,"Hamadou WS, Bouali N, Badraoui R, Hadj Lajimi R, Hamdi A, Alreshidi M, Patel M, Adnan M, Siddiqui AJ, Noumi E, Noumi E, Rao Pasupuleti V, Snoussi M. Chemical Composition and the Anticancer, Antimicrobial, and Antioxidant Properties of Acacia Honey from the Hail Region: The in vitro and in silico Investigation. Evidence-based complementary and alternative medicine : eCAM 2022. https://doi.org/10.1155/2022/1518511",10.1155/2022/1518511
37,PMC10622673,"Liang J, Adeleye M, Onyango LA. Combinatorial efficacy of Manuka honey and antibiotics in the in vitro control of staphylococci and their small colony variants. Frontiers in cellular and infection microbiology 2023. https://doi.org/10.3389/fcimb.2023.1219984",10.3389/fcimb.2023.1219984
38,PMC9958606,"Balázs VL, Nagy-Radványi L, Bencsik-Kerekes E, Koloh R, Szabó D, Kocsis B, Kocsis M, Farkas Á. Antibacterial and Antibiofilm Effect of Unifloral Honeys against Bacteria Isolated from Chronic Wound Infections. Microorganisms 2023. https://doi.org/10.3390/microorganisms11020509",10.3390/microorganisms11020509
39,PMC6269728,"Feás X, Iglesias A, Rodrigues S, Estevinho LM. Effect of Erica sp. honey against microorganisms of clinical importance: study of the factors underlying this biological activity. Molecules 2013. https://doi.org/10.3390/molecules18044233",10.3390/molecules18044233
40,PMC3716576,"Zainol MI, Mohd Yusoff K, Mohd Yusof MY. Antibacterial activity of selected Malaysian honey. BMC complementary and alternative medicine 2013. https://doi.org/10.1186/1472-6882-13-129",10.1186/1472-6882-13-129
41,PMC3042689,"Mohapatra DP, Thakur V, Brar SK. Antibacterial efficacy of raw and processed honey. Biotechnology research international 2011. https://doi.org/10.4061/2011/917505",10.4061/2011/917505
42,PMC6252015,"Alotibi IA, Harakeh SM, Al-Mamary M, Mariod AA, Al-Jaouni SK, Al-Masaud S, Alharbi MG, Al-Hindi RR. Floral markers and biological activity of Saudi honey. Saudi journal of biological sciences 2018. https://doi.org/10.1016/j.sjbs.2018.05.021",10.1016/j.sjbs.2018.05.021
43,PMC9219755,"Sakač M, Jovanov P, Marić A, Četojević-Simin D, Novaković A, Plavšić D, Škrobot D, Kovač R. Antioxidative, Antibacterial and Antiproliferative Properties of Honey Types from the Western Balkans. Antioxidants 2022. https://doi.org/10.3390/antiox11061120",10.3390/antiox11061120
44,PMC12861962,"Mansour SH, El-Shazly AI, Gamal AA, Elsayed EA, Wadaan MA, Esawy MA. Potential antibacterial, antioxidant and anticancer activities of Nigerian mountain honey in relation to its bacterial flora. Journal, genetic engineering & biotechnology 2025. https://doi.org/10.1016/j.jgeb.2025.100559",10.1016/j.jgeb.2025.100559
45,PMC12249035,"Li J, Wang J, Wang Y, Yang W. Physicochemical Properties, Antioxidant and Antibacterial Activities and Anti-Hepatocarcinogenic Effect and Potential Mechanism of &lt;i&gt;Schefflera oleifera&lt;/i&gt; Honey Against HepG2 Cells. Foods 2025. https://doi.org/10.3390/foods14132376",10.3390/foods14132376
46,PMC11311187,"Aburayyan WS, Seder N, Al-Fawares O, Fararjeh A, Majali IS, Al-Hajaya Y. Characterization of Antibiofilm and Antimicrobial Effects of Trigona Stingless Bee Honey Compared to Stinging Bee Centaurea hyalolepis and Citrus Honeys. Journal of evidence-based integrative medicine 2024. https://doi.org/10.1177/2515690x241271978",10.1177/2515690x241271978
47,PMC13068764,"Chin SW, Azman AS, Yap MKK, Tan JW. Evaluation of the Antimicrobial Potential of Malaysian Kelulut Honeydew Honey Against Acne Pathogens. Current microbiology 2026. https://doi.org/10.1007/s00284-026-04866-6",10.1007/s00284-026-04866-6
48,PMC11799142,"Luca L, Pauliuc D, Ursachi F, Oroian M. Physicochemical parameters, microbiological quality, and antibacterial activity of honey from the Bucovina region of Romania. Scientific reports 2025. https://doi.org/10.1038/s41598-025-88613-0",10.1038/s41598-025-88613-0
49,PMC11851655,"Ángyán VD, Balázs VL, Kocsis M, Kocsis B, Horváth G, Farkas Á, Nagy-Radványi L. Synergistic Antibiofilm Effects of Chestnut and Linden Honey with Lavender Essential Oil Against Multidrug-Resistant Otitis Media Pathogens. Antibiotics 2025. https://doi.org/10.3390/antibiotics14020146",10.3390/antibiotics14020146
50,PMC4029012,"Hayashi K, Fukushima A, Hayashi-Nishino M, Nishino K. Effect of methylglyoxal on multidrug-resistant Pseudomonas aeruginosa. Frontiers in microbiology 2014. https://doi.org/10.3389/fmicb.2014.00180",10.3389/fmicb.2014.00180
51,PMC11068765,"Nagy-Radványi L, Balázs V, Kocsis B, Csikós E, Ángyán V, Szabó P, Biró V, Kocsis M, Farkas Á. Antibacterial activity of Hungarian varietal honeys against respiratory pathogens as a function of storage time. Scientific reports 2024. https://doi.org/10.1038/s41598-024-60961-3",10.1038/s41598-024-60961-3
52,PMC6881396,"Sindi A, Chawn MVB, Hernandez ME, Green K, Islam MK, Locher C, Hammer K. Anti-biofilm effects and characterisation of the hydrogen peroxide activity of a range of Western Australian honeys compared to Manuka and multifloral honeys. Scientific reports 2019. https://doi.org/10.1038/s41598-019-54217-8",10.1038/s41598-019-54217-8
53,PMC4783026,"Wasfi R, Elkhatib WF, Khairalla AS. Effects of Selected Egyptian Honeys on the Cellular Ultrastructure and the Gene Expression Profile of Escherichia coli. PloS one 2016. https://doi.org/10.1371/journal.pone.0150984",10.1371/journal.pone.0150984
54,PMC4023514,"Camplin AL, Maddocks SE. Manuka honey treatment of biofilms of Pseudomonas aeruginosa results in the emergence of isolates with increased honey resistance. Annals of clinical microbiology and antimicrobials 2014. https://doi.org/10.1186/1476-0711-13-19",10.1186/1476-0711-13-19
55,PMC4919268,"Wasihun AG, Kasa BG. Evaluation of antibacterial activity of honey against multidrug resistant bacteria in Ayder Referral and Teaching Hospital, Northern Ethiopia. SpringerPlus 2016. https://doi.org/10.1186/s40064-016-2493-x",10.1186/s40064-016-2493-x
56,PMC4398880,"Jenkins R, Wootton M, Howe R, Cooper R. A demonstration of the susceptibility of clinical isolates obtained from cystic fibrosis patients to manuka honey. Archives of microbiology 2015. https://doi.org/10.1007/s00203-015-1091-6",10.1007/s00203-015-1091-6
57,PMC6313337,"Masalha M, Abu-Lafi S, Abu-Farich B, Rayan M, Issa N, Zeidan M, Rayan A. A New Approach for Indexing Honey for Its Heath/Medicinal Benefits: Visualization of the Concept by Indexing Based on Antioxidant and Antibacterial Activities. Medicines 2018. https://doi.org/10.3390/medicines5040135",10.3390/medicines5040135
58,PMC6977423,"Owayss AA, Elbanna K, Iqbal J, Abulreesh HH, Organji SR, Raweh HSA, Alqarni AS. In vitro antimicrobial activities of Saudi honeys originating from Ziziphus spina-christi L. and Acacia gerrardii Benth. trees. Food science & nutrition 2020. https://doi.org/10.1002/fsn3.1320",10.1002/fsn3.1320
59,PMC13072155,"Mireles-Villanueva MV, Reyna-Fuentes JH, Vázquez-Sauceda ML, Vargas MB, Cornejo J, Neira M, Muñoz-Sánchez RA, Lapierre L. Chilean Honey as Alternative Antibacterial: In Vitro Activity Against Multidrug-Resistant Canine Bacterial Pathogens. Animals : an open access journal from MDPI 2026. https://doi.org/10.3390/ani16071125",10.3390/ani16071125
60,PMC7884280,"Al-Kafaween MA, Al-Jamal HAN, Hilmi ABM, Elsahoryi NA, Jaffar N, Zahri MK. Antibacterial properties of selected Malaysian Tualang honey against Pseudomonas aeruginosa and Streptococcus pyogenes. Iranian journal of microbiology 2020. https://doi.org/10.18502/ijm.v12i6.5031",10.18502/ijm.v12i6.5031
61,PMC12240352,"Akpınar S, Mutlu N. Multidimensional analysis of honey from Eastern Anatolia (Kars): Pollen spectrum, physicochemical properties, and antimicrobial activity. PloS one 2025. https://doi.org/10.1371/journal.pone.0327861",10.1371/journal.pone.0327861
62,PMC8209695,"Guttentag A, Krishnakumar K, Cokcetin N, Harry E, Carter D. Factors affecting the production and measurement of hydrogen peroxide in honey samples. Access microbiology 2021. https://doi.org/10.1099/acmi.0.000198",10.1099/acmi.0.000198
63,PMC11376693,"Bukhari MA, Qamash RA, Bulkhi RA, Bifari JA, Bakhsh OS, Hawsawi KO, Matuure EY, Sulaimani KA, Hakim AT, Mujahid MS. Biological studies of the activity of Manuka honey against Carbapenem-resistant Enterobacterales (CRE) bacteria. Saudi medical journal 2024. https://doi.org/10.15537/smj.2024.45.9.20240153",10.15537/smj.2024.45.9.20240153
64,PMC10534861,"Bazaid AS, Alsolami A, Patel M, Khateb AM, Aldarhami A, Snoussi M, Almusheet SM, Qanash H. Antibiofilm, Antimicrobial, Anti-Quorum Sensing, and Antioxidant Activities of Saudi Sidr Honey: In Vitro and Molecular Docking Studies. Pharmaceutics 2023. https://doi.org/10.3390/pharmaceutics15092177",10.3390/pharmaceutics15092177
65,PMC10141347,Brudzynski K. Unexpected Value of Honey Color for Prediction of a Non-Enzymatic H&lt;sub&gt;2&lt;/sub&gt;O&lt;sub&gt;2&lt;/sub&gt; Production and Honey Antibacterial Activity: A Perspective. Metabolites 2023. https://doi.org/10.3390/metabo13040526,10.3390/metabo13040526
66,PMC9505312,"Qasem A, Assaggaf H, Montesano D, Khalil Z, Al-Mijalli SH, Baaboua AE, El Omari N, El Menyiy N, Bakrim S, Sheikh RA, Alshahrani MM, Awadh AAA, Zengin G, Bouyahya A, Mrabti HN. Determination of Chemical Compounds and Investigation of Biological Properties of Matricaria chamomilla Essential Oils, Honey, and Their Mixture. Molecules 2022. https://doi.org/10.3390/molecules27185850",10.3390/molecules27185850
67,PMC11675739,"Bereksi-Reguig D, Allali H, Taib N, Aissaoui N, Wlodarczyk-Stasiak M, Kowalski R. Bioactive Compounds, Antioxidant Properties, and Antimicrobial Profiling of a Range of West Algerian Honeys: In Vitro Comparative Screening Prior to Therapeutic Purpose. Foods 2024. https://doi.org/10.3390/foods13244120",10.3390/foods13244120
68,PMC12092607,"Helmy AK, Sidkey NM, Abdel-Aziz MM, El-Hela AA. Chemical composition of Egyptian propolis and studying its antimicrobial activity and synergistic action with honey against some multidrug-resistant uropathogens. Scientific reports 2025. https://doi.org/10.1038/s41598-025-00773-1",10.1038/s41598-025-00773-1
69,PMC6027671,"Bouacha M, Ayed H, Grara N. Honey Bee as Alternative Medicine to Treat Eleven Multidrug-Resistant Bacteria Causing Urinary Tract Infection during Pregnancy. Scientia pharmaceutica 2018. https://doi.org/10.3390/scipharm86020014",10.3390/scipharm86020014
70,PMC7142649,"Ayub R, Umer M, Maan AA, Rasool B, Khan MKI, Younis T, Abbas S, Sajjad M, Kaleem I, Imran M, Ullah A, Afzal MS, Shah ZH, Ahmed S, Aslam F, Chaudhary N, Afzal MI. Antibiotics, Acid and Heat Tolerance of Honey adapted Escherichia coli, Salmonella Typhi and Klebsiella pneumoniae. Foods 2020. https://doi.org/10.3390/foods9030311",10.3390/foods9030311
71,PMC6268398,"Alzahrani HA, Alsabehi R, Boukraâ L, Abdellah F, Bellik Y, Bakhotmah BA. Antibacterial and antioxidant potency of floral honeys from different botanical and geographical origins. Molecules 2012. https://doi.org/10.3390/molecules170910540",10.3390/molecules170910540
72,PMC10211265,"Tan W, Tian Y, Zhang Q, Miao S, Wu W, Miao X, Kuang H, Yang W. Antioxidant and antibacterial activity of Apis laboriosa honey against Salmonella enterica serovar Typhimurium. Frontiers in nutrition 2023. https://doi.org/10.3389/fnut.2023.1181492",10.3389/fnut.2023.1181492
73,PMC12379519,"Getachew T, Ashenafi M, Tigu F, Birri DJ, Naoli A, Desalegn A. Probiotic potential of 'lactobacilli' isolated from traditionally fermented Ethiopian honey wine (Tej). BMC microbiology 2025. https://doi.org/10.1186/s12866-025-04326-4",10.1186/s12866-025-04326-4
74,PMC8304482,"Balázs VL, Nagy-Radványi L, Filep R, Kerekes E, Kocsis B, Kocsis M, Farkas Á. In Vitro Antibacterial and Antibiofilm Activity of Hungarian Honeys against Respiratory Tract Bacteria. Foods 2021. https://doi.org/10.3390/foods10071632",10.3390/foods10071632
75,PMC8272120,"Ratajczak M, Kaminska D, Matuszewska E, Hołderna-Kedzia E, Rogacki J, Matysiak J. Promising Antimicrobial Properties of Bioactive Compounds from Different Honeybee Products. Molecules 2021. https://doi.org/10.3390/molecules26134007",10.3390/molecules26134007
76,PMC12110744,"Barbarić A, Saftić Martinović L, Marijanović Z, Juretić L, Jurič A, Petrović D, Šoljić V, Gobin I. Integrated Chemical and Biological Evaluation of Linden Honeydew Honey from Bosnia and Herzegovina: Composition and Cellular Effects. Foods 2025. https://doi.org/10.3390/foods14101668",10.3390/foods14101668
77,PMC12189776,"Hulea C, Obistioiu D, Hulea A, Suleiman MA, Floares Oarga D, Alexa E, Imbrea IM, Neacșu AG, Pentea M, Popescu CA, Imbrea F. Integrated Assessment of Antibacterial Activity, Polyphenol Composition, Molecular Docking, and ADME Properties of Romanian Oak and Fir Honeydew Honeys. Antibiotics 2025. https://doi.org/10.3390/antibiotics14060592",10.3390/antibiotics14060592
78,PMC12891082,"Mundanchira AV, Wong A, Klos-Maki K, Strand J, Marques CNH. Activity of Biocidin&lt;sup&gt;®&lt;/sup&gt; against microbial biofilms. Frontiers in antibiotics 2025. https://doi.org/10.3389/frabi.2025.1692653",10.3389/frabi.2025.1692653
79,PMC13514261,"Suwannapong G, Benbow ME, Ponkit R, Boonsriwong W, Naree S. The Effect of Temperature Variations on the 5-Hydroxymethylfurfural Content, Antioxidant and Antimicrobial Properties of Honey. Life 2026. https://doi.org/10.3390/life16081366",10.3390/life16081366
80,PMC8709083,"Otręba M, Marek Ł, Tyczyńska N, Stojko J, Rzepecka-Stojko A. Bee Venom, Honey, and Royal Jelly in the Treatment of Bacterial Infections of the Oral Cavity: A Review. Life 2021. https://doi.org/10.3390/life11121311",10.3390/life11121311
81,PMC11941359,"Tiang ER, Han L, Hu F. Physicochemical Characteristics, Antioxidant Capacity, and Antimicrobial Activity of Stingless Bee Honey from Malaysia: &lt;i&gt;Heterotrigona itama&lt;/i&gt;, &lt;i&gt;Lophotrigona canifrons&lt;/i&gt;, and &lt;i&gt;Tetrigona binghami&lt;/i&gt;. Foods 2025. https://doi.org/10.3390/foods14060995",10.3390/foods14060995
82,PMC10856440,"Hameed OM, Shaker OM, Ben Slima A, Makni M. Biochemical Profiling and Physicochemical and Biological Valorization of Iraqi Honey: A Comprehensive Analysis. Molecules 2024. https://doi.org/10.3390/molecules29030671",10.3390/molecules29030671
83,PMC8868498,"Mežnarić S, Brčić Karačonji I, Crnković G, Lesar A, Pavlešić T, Vučković D, Gobin I. Combined Inhibitory Effect of Fir (Abies alba Mill.) Honeydew Honey and Probiotic Bacteria Lactiplantibacillus plantarum on the Growth of Salmonella enterica Serotype Typhimurium. Antibiotics 2022. https://doi.org/10.3390/antibiotics11020145",10.3390/antibiotics11020145
84,PMC9951885,"Miłek M, Ciszkowicz E, Sidor E, Hęclik J, Lecka-Szlachta K, Dżugan M. The Antioxidant, Antibacterial and Anti-Biofilm Properties of Rapeseed Creamed Honey Enriched with Selected Plant Superfoods. Antibiotics 2023. https://doi.org/10.3390/antibiotics12020235",10.3390/antibiotics12020235
85,PMC12686235,"Ismail SA, Wahba MI, Nour SA, Gamal AA, Ezzat A, Hashem AM. &lt;i&gt;Bacillus subtilis&lt;/i&gt; EGY1 glucansucrase: optimization, characterization and immobilization using activated carrier of pectin-egg white protein beads. 3 Biotech 2026. https://doi.org/10.1007/s13205-025-04609-7",10.1007/s13205-025-04609-7
86,PMC4417269,"Jantakee K, Tragoolpua Y. Activities of different types of Thai honey on pathogenic bacteria causing skin diseases, tyrosinase enzyme and generating free radicals. Biological research 2015. https://doi.org/10.1186/0717-6287-48-4",10.1186/0717-6287-48-4
87,PMC9311549,"ALaerjani WMA, Khan KA, Al-Shehri BM, Ghramh HA, Hussain A, Mohammed MEA, Imran M, Ahmad I, Ahmad S, Al-Awadi AS. Chemical Profiling, Antioxidant, and Antimicrobial Activity of Saudi Propolis Collected by Arabian Honey Bee (Apis mellifera jemenitica) Colonies. Antioxidants 2022. https://doi.org/10.3390/antiox11071413",10.3390/antiox11071413
88,PMC5489923,"Julianti E, Rajah KK, Fidrianny I. Antibacterial Activity of Ethanolic Extract of Cinnamon Bark, Honey, and Their Combination Effects against Acne-Causing Bacteria. Scientia pharmaceutica 2017. https://doi.org/10.3390/scipharm85020019",10.3390/scipharm85020019
89,PMC2478674,"Basson NJ, Grobler SR. Antimicrobial activity of two South African honeys produced from indigenous Leucospermum cordifolium and Erica species on selected micro-organisms. BMC complementary and alternative medicine 2008. https://doi.org/10.1186/1472-6882-8-41",10.1186/1472-6882-8-41
90,PMC7451694,"Adgaba N, Al-Ghamdi A, Sharma D, Tadess Y, Alghanem SM, Ali Khan K, Javed Ansari M, Mohamed GKA. Physico-chemical, antioxidant and anti-microbial properties of some Ethiopian mono-floral honeys. Saudi journal of biological sciences 2020. https://doi.org/10.1016/j.sjbs.2020.05.031",10.1016/j.sjbs.2020.05.031
91,PMC8307090,"Voidarou CC, Rozos G, Alexopoulos A, Plessas S, Mantzourani I, Stavropoulou E, Tzora A, Bezirtzoglou E. In Vitro Screening Potential Antibacterial Properties of the Greek Oregano Honey against Clinical Isolates of Helicobacter pylori. Foods 2021. https://doi.org/10.3390/foods10071568",10.3390/foods10071568
92,PMC9703798,"Nolan VC, Harrison J, Cox JAG. Manuka honey in combination with azithromycin shows potential for improved activity against &lt;i&gt;Mycobacterium abscessus&lt;/i&gt;. Cell surface (Amsterdam, Netherlands) 2022. https://doi.org/10.1016/j.tcsw.2022.100090",10.1016/j.tcsw.2022.100090
93,PMC11120828,"Rodríguez Machado A, Caro CM, Hurtado-Murillo JJ, Gomes Lobo CJ, Zúñiga RN, Franco W. Unconventional Yeasts Isolated from Chilean Honey: A Probiotic and Phenotypic Characterization. Foods 2024. https://doi.org/10.3390/foods13101582",10.3390/foods13101582
94,PMC11279380,"Ailli A, Zibouh K, Eddamsyry B, Drioiche A, Fetjah D, Ayyad FZ, Mothana RA, Hawwal MF, Radi M, Tarik R, Elomri A, Mouradi A, Zair T. Physicochemical Characterization of Moroccan Honey Varieties from the Fez-Meknes Region and Their Antioxidant and Antibacterial Properties. Metabolites 2024. https://doi.org/10.3390/metabo14070364",10.3390/metabo14070364
95,PMC11585709,"Eid N, El-Seedi HR, Ahmed HB, Emam HE. Bio-fabrication of biologically active copper nanocomposite. Heliyon 2024. https://doi.org/10.1016/j.heliyon.2024.e40202",10.1016/j.heliyon.2024.e40202
96,PMC11858134,"Šola I, Vujčić Bok V, Fabijanić I, Jablan J, Borgese L, Humski A, Mikulić M, Sanković K, Franić Z, Rusak G. Influence of Season, Hive Position, Extraction Method and Storage Temperature on Polyphenols and Antioxidant Activity of Croatian Honey. Molecules 2025. https://doi.org/10.3390/molecules30040919",10.3390/molecules30040919
97,PMC4751499,"Nishio EK, Ribeiro JM, Oliveira AG, Andrade CG, Proni EA, Kobayashi RK, Nakazato G. Antibacterial synergic effect of honey from two stingless bees: Scaptotrigona bipunctata Lepeletier, 1836, and S. postica Latreille, 1807. Scientific reports 2016. https://doi.org/10.1038/srep21641",10.1038/srep21641
98,PMC10223701,"Isidorov V, Zalewski A, Zambrowski G, Swiecicka I. Chemical Composition and Antimicrobial Properties of Honey Bee Venom. Molecules 2023. https://doi.org/10.3390/molecules28104135",10.3390/molecules28104135
99,PMC4206207,"Sufya N, Matar N, Kaddura R, Zorgani A. Evaluation of bactericidal activity of Hannon honey on slowly growing bacteria in the chemostat. Drug, healthcare and patient safety 2014. https://doi.org/10.2147/DHPS.S66496",10.2147/DHPS.S66496
100,PMC7396681,"Sateriale D, Facchiano S, Colicchio R, Pagliuca C, Varricchio E, Paolucci M, Volpe MG, Salvatore P, Pagliarulo C. In vitro Synergy of Polyphenolic Extracts From Honey, Myrtle and Pomegranate Against Oral Pathogens, S. mutans and R. dentocariosa. Frontiers in microbiology 2020. https://doi.org/10.3389/fmicb.2020.01465",10.3389/fmicb.2020.01465
101,PMC6425412,"Lewoyehu M, Amare M. Comparative Assessment on Selected Physicochemical Parameters and Antioxidant and Antimicrobial Activities of Honey Samples from Selected Districts of the Amhara and Tigray Regions, Ethiopia. International journal of food science 2019. https://doi.org/10.1155/2019/4101695",10.1155/2019/4101695
102,PMC12751895,"Taherpour A, Mirzavi F, Shafaei E, Zarban A, Shakibaie M. Combined effects of honey and silver nanoparticles on wound healing in human dermal fibroblast cells. BMC complementary medicine and therapies 2025. https://doi.org/10.1186/s12906-025-05171-8",10.1186/s12906-025-05171-8
103,PMC4382210,"Brudzynski K, Sjaarda C. Honey glycoproteins containing antimicrobial peptides, Jelleins of the Major Royal Jelly Protein 1, are responsible for the cell wall lytic and bactericidal activities of honey. PloS one 2015. https://doi.org/10.1371/journal.pone.0120238",10.1371/journal.pone.0120238
