pmcid,doi,title,journal,year,authors,intext,ref,cr_status,n
PMC9311549,10.3390/antiox11071413,"Chemical Profiling, Antioxidant, and Antimicrobial Activity of Saudi Propolis Collected by Arabian Honey Bee (Apis mellifera jemenitica) Colonies",Antioxidants,2022,"ALaerjani, Wed Mohammed Ali; Khan, Khalid Ali; Al-Shehri, Badria M.; Ghramh, Hamed A.; Hussain, Ajaz; Mohammed, Mohammed Elimam Ahamed; Imran, Muhammad; Ahmad, Irfan; Ahmad, Saboor; Al-Awadi, Abdulrhman S.","ALaerjani et al., 2022","ALaerjani, W.M.A., Khan, K.A., Al-Shehri, B.M., Ghramh, H.A., Hussain, A., Mohammed, M.E.A., Imran, M., Ahmad, I., Ahmad, S., Al-Awadi, A.S. (2022). Chemical Profiling, Antioxidant, and Antimicrobial Activity of Saudi Propolis Collected by Arabian Honey Bee (Apis mellifera jemenitica) Colonies. Antioxidants, 11(7), 1413. https://doi.org/10.3390/antiox11071413",ok,1
PMC7884280,10.18502/ijm.v12i6.5031,Antibacterial properties of selected Malaysian Tualang honey against Pseudomonas aeruginosa and Streptococcus pyogenes,Iranian Journal of Microbiology,2020,"Abdulraheem Al-Kafaween, Mohammad; Al-Jamal, Hamid Ali; Mohd Hilmi, Abu Bakar; Elsahoryi, Nour Amin; Jaffar, Norzawani; Khairi Zahri, Mohd","Abdulraheem Al-Kafaween et al., 2020","Abdulraheem Al-Kafaween, M., Al-Jamal, H.A., Mohd Hilmi, A.B., Elsahoryi, N.A., Jaffar, N., Khairi Zahri, M. (2020). Antibacterial properties of selected Malaysian Tualang honey against Pseudomonas aeruginosa and Streptococcus pyogenes. Iranian Journal of Microbiology. https://doi.org/10.18502/ijm.v12i6.5031",ok,2
PMC11311187,10.1177/2515690x241271978,Characterization of Antibiofilm and Antimicrobial Effects of Trigona Stingless Bee Honey Compared to Stinging Bee Centaurea hyalolepis and Citrus Honeys,Journal of Evidence-Based Integrative Medicine,2024,"Aburayyan, Walid Salem; Seder, Nesrin; Al-fawares, O’la; Fararjeh, AbdulFattah; Majali, Ibrahim S.; Al-Hajaya, Yousef","Aburayyan et al., 2024","Aburayyan, W.S., Seder, N., Al-fawares, O., Fararjeh, A., Majali, I.S., Al-Hajaya, Y. (2024). Characterization of Antibiofilm and Antimicrobial Effects of Trigona Stingless Bee Honey Compared to Stinging Bee Centaurea hyalolepis and Citrus Honeys. Journal of Evidence-Based Integrative Medicine, 29, 2515690X241271978. https://doi.org/10.1177/2515690x241271978",ok,3
PMC7451694,10.1016/j.sjbs.2020.05.031,"Physico-chemical, antioxidant and anti-microbial properties of some Ethiopian mono-floral honeys",Saudi Journal of Biological Sciences,2020,"Adgaba, Nuru; Al-Ghamdi, Ahmad; Sharma, Deepak; Tadess, Yilma; Alghanem, Suliman M.; Ali Khan, Khalid; Javed Ansari, Mohammed; Mohamed, Gamal Khalid A.","Adgaba et al., 2020","Adgaba, N., Al-Ghamdi, A., Sharma, D., Tadess, Y., Alghanem, S.M., Ali Khan, K., Javed Ansari, M., Mohamed, G.K.A. (2020). Physico-chemical, antioxidant and anti-microbial properties of some Ethiopian mono-floral honeys. Saudi Journal of Biological Sciences, 27(9), 2366-2372. https://doi.org/10.1016/j.sjbs.2020.05.031",ok,4
PMC11279380,10.3390/metabo14070364,Physicochemical Characterization of Moroccan Honey Varieties from the Fez-Meknes Region and Their Antioxidant and Antibacterial Properties,Metabolites,2024,"Ailli, Atika; Zibouh, Khalid; Eddamsyry, Brahim; Drioiche, Aziz; Fetjah, Dounia; Ayyad, Fatima Zahra; Mothana, Ramzi A.; Hawwal, Mohammed F.; Radi, Mohamed; Tarik, Redouane; Elomri, Abdelhakim; Mouradi, Aicha; Zair, Touriya","Ailli et al., 2024","Ailli, A., Zibouh, K., Eddamsyry, B., Drioiche, A., Fetjah, D., Ayyad, F.Z., Mothana, R.A., Hawwal, M.F., Radi, M., Tarik, R., Elomri, A., Mouradi, A., Zair, T. (2024). Physicochemical Characterization of Moroccan Honey Varieties from the Fez-Meknes Region and Their Antioxidant and Antibacterial Properties. Metabolites, 14(7), 364. https://doi.org/10.3390/metabo14070364",ok,5
PMC12240352,10.1371/journal.pone.0327861,"Multidimensional analysis of honey from Eastern Anatolia (Kars): Pollen spectrum, physicochemical properties, and antimicrobial activity",PLOS One,2025,"Akpınar, Salih; Mutlu, Neslihan","Akpınar and Mutlu, 2025","Akpınar, S., Mutlu, N. (2025). Multidimensional analysis of honey from Eastern Anatolia (Kars): Pollen spectrum, physicochemical properties, and antimicrobial activity. PLOS One, 20(7), e0327861. https://doi.org/10.1371/journal.pone.0327861",ok,6
PMC6252015,10.1016/j.sjbs.2018.05.021,Floral markers and biological activity of Saudi honey,Saudi Journal of Biological Sciences,2018,"Alotibi, Ibrahim A.; Harakeh, Steve M.; Al-Mamary, Mohammed; Mariod, Abdalbasit A.; Al-Jaouni, Soad K.; Al-Masaud, Saad; Alharbi, Mona G.; Al-Hindi, Rashad R.","Alotibi et al., 2018","Alotibi, I.A., Harakeh, S.M., Al-Mamary, M., Mariod, A.A., Al-Jaouni, S.K., Al-Masaud, S., Alharbi, M.G., Al-Hindi, R.R. (2018). Floral markers and biological activity of Saudi honey. Saudi Journal of Biological Sciences, 25(7), 1369-1374. https://doi.org/10.1016/j.sjbs.2018.05.021",ok,7
PMC11792292,10.1186/s12906-025-04778-1,Exploring the antibacterial and anti-biofilm activity of two Iranian medical-grade kinds of honey on multidrug-resistant Pseudomonas aeruginosa,BMC Complementary Medicine and Therapies,2025,"Alshaybawee, Mustafa Riyadh; Asgari, Shahrzad; Ghadersoltani, Paria; Mehrabian, Ahmadreza; Saniee, Parastoo","Alshaybawee et al., 2025","Alshaybawee, M.R., Asgari, S., Ghadersoltani, P., Mehrabian, A., Saniee, P. (2025). Exploring the antibacterial and anti-biofilm activity of two Iranian medical-grade kinds of honey on multidrug-resistant Pseudomonas aeruginosa. BMC Complementary Medicine and Therapies, 25(1), 39. https://doi.org/10.1186/s12906-025-04778-1",ok,8
PMC6268398,10.3390/molecules170910540,Antibacterial and Antioxidant Potency of Floral Honeys from Different Botanical and Geographical Origins,Molecules,2012,"Alzahrani, Hasan A.; Alsabehi, Rashid; Boukraâ, Laïd; Abdellah, Fatiha; Bellik, Yuva; Bakhotmah, Balkees A.","Alzahrani et al., 2012","Alzahrani, H.A., Alsabehi, R., Boukraâ, L., Abdellah, F., Bellik, Y., Bakhotmah, B.A. (2012). Antibacterial and Antioxidant Potency of Floral Honeys from Different Botanical and Geographical Origins. Molecules, 17(9), 10540-10549. https://doi.org/10.3390/molecules170910540",ok,9
PMC6397887,10.3389/fmicb.2019.00263,Antimicrobial Activity of Agastache Honey and Characterization of Its Bioactive Compounds in Comparison With Important Commercial Honeys,Frontiers in Microbiology,2019,"Anand, Sushil; Deighton, Margaret; Livanos, George; Morrison, Paul D.; Pang, Edwin C. K.; Mantri, Nitin","Anand et al., 2019","Anand, S., Deighton, M., Livanos, G., Morrison, P.D., Pang, E.C.K., Mantri, N. (2019). Antimicrobial Activity of Agastache Honey and Characterization of Its Bioactive Compounds in Comparison With Important Commercial Honeys. Frontiers in Microbiology, 10, 263. https://doi.org/10.3389/fmicb.2019.00263",ok,10
PMC9415335,10.3390/molecules27165121,"Singular and Combined Effects of Essential Oil and Honey of Eucalyptus Globulus on Anti-Inflammatory, Antioxidant, Dermatoprotective, and Antimicrobial Properties: In Vitro and In Vivo Findings",Molecules,2022,"Assaggaf, Hamza M.; Naceiri Mrabti, Hanae; Rajab, Bodour S.; Attar, Ammar A.; Hamed, Munerah; Sheikh, Ryan A.; Omari, Nasreddine El; Menyiy, Naoual El; Belmehdi, Omar; Mahmud, Shafi; Alshahrani, Mohammed Merae; Park, Moon Nyeo; Kim, Bonglee; Zengin, Gokhan; Bouyahya, Abdelhakim","Assaggaf et al., 2022","Assaggaf, H.M., Naceiri Mrabti, H., Rajab, B.S., Attar, A.A., Hamed, M., Sheikh, R.A., Omari, N.E., Menyiy, N.E., Belmehdi, O., Mahmud, S., Alshahrani, M.M., Park, M.N., Kim, B., Zengin, G., Bouyahya, A. (2022). Singular and Combined Effects of Essential Oil and Honey of Eucalyptus Globulus on Anti-Inflammatory, Antioxidant, Dermatoprotective, and Antimicrobial Properties: In Vitro and In Vivo Findings. Molecules, 27(16), 5121. https://doi.org/10.3390/molecules27165121",ok,11
PMC7142649,10.3390/foods9030311,"Antibiotics, Acid and Heat Tolerance of Honey adapted Escherichia coli, Salmonella Typhi and Klebsiella pneumoniae",Foods,2020,"Ayub, Rabia; Umer, Muhammad; Maan, Abid Aslam; Rasool, Bilal; Khan, Muhammad Kashif Iqbal; Younis, Tahira; Abbas, Shabbar; Sajjad, Muhammad; Kaleem, Imdad; Imran, Muhammad; Ullah, Azmat; Afzal, Muhammad Sohail; Shah, Zaheer Hussain; Ahmed, Sheraz; Aslam, Farhan; Chaudhary, Neelam; Afzal, Muhammad Inam","Ayub et al., 2020","Ayub, R., Umer, M., Maan, A.A., Rasool, B., Khan, M.K.I., Younis, T., Abbas, S., Sajjad, M., Kaleem, I., Imran, M., Ullah, A., Afzal, M.S., Shah, Z.H., Ahmed, S., Aslam, F., Chaudhary, N., Afzal, M.I. (2020). Antibiotics, Acid and Heat Tolerance of Honey adapted Escherichia coli, Salmonella Typhi and Klebsiella pneumoniae. Foods, 9(3), 311. https://doi.org/10.3390/foods9030311",ok,12
PMC8304482,10.3390/foods10071632,In Vitro Antibacterial and Antibiofilm Activity of Hungarian Honeys against Respiratory Tract Bacteria,Foods,2021,"Balázs, Viktória Lilla; Nagy-Radványi, Lilla; Filep, Rita; Kerekes, Erika; Kocsis, Béla; Kocsis, Marianna; Farkas, Ágnes","Balázs et al., 2021","Balázs, V.L., Nagy-Radványi, L., Filep, R., Kerekes, E., Kocsis, B., Kocsis, M., Farkas, Á. (2021). In Vitro Antibacterial and Antibiofilm Activity of Hungarian Honeys against Respiratory Tract Bacteria. Foods, 10(7), 1632. https://doi.org/10.3390/foods10071632",ok,13
PMC9958606,10.3390/microorganisms11020509,Antibacterial and Antibiofilm Effect of Unifloral Honeys against Bacteria Isolated from Chronic Wound Infections,Microorganisms,2023,"Balázs, Viktória L.; Nagy-Radványi, Lilla; Bencsik-Kerekes, Erika; Koloh, Regina; Szabó, Dina; Kocsis, Béla; Kocsis, Marianna; Farkas, Ágnes","Balázs et al., 2023","Balázs, V.L., Nagy-Radványi, L., Bencsik-Kerekes, E., Koloh, R., Szabó, D., Kocsis, B., Kocsis, M., Farkas, Á. (2023). Antibacterial and Antibiofilm Effect of Unifloral Honeys against Bacteria Isolated from Chronic Wound Infections. Microorganisms, 11(2), 509. https://doi.org/10.3390/microorganisms11020509",ok,14
PMC12110744,10.3390/foods14101668,Integrated Chemical and Biological Evaluation of Linden Honeydew Honey from Bosnia and Herzegovina: Composition and Cellular Effects,Foods,2025,"Barbarić, Ana; Saftić Martinović, Lara; Marijanović, Zvonimir; Juretić, Lea; Jurič, Andreja; Petrović, Danijela; Šoljić, Violeta; Gobin, Ivana","Barbarić et al., 2025","Barbarić, A., Saftić Martinović, L., Marijanović, Z., Juretić, L., Jurič, A., Petrović, D., Šoljić, V., Gobin, I. (2025). Integrated Chemical and Biological Evaluation of Linden Honeydew Honey from Bosnia and Herzegovina: Composition and Cellular Effects. Foods, 14(10), 1668. https://doi.org/10.3390/foods14101668",ok,15
PMC12963514,10.1111/vop.70111,"In Vitro Activity of Manuka Honey, Either Alone or in Combination With Topical Antibiotics, Against Bacteria Commonly Found in Equine Ulcerative Keratitis",Veterinary Ophthalmology,2025,"Barvelink, M.; Brok, B.; Djajadiningrat‐Laanen, S. C.; Vernooij, J. C. M.; Broens, E. M.; Slenter, I. J. M.","Barvelink et al., 2025","Barvelink, M., Brok, B., Djajadiningrat‐Laanen, S.C., Vernooij, J.C.M., Broens, E.M., Slenter, I.J.M. (2025). In Vitro Activity of Manuka Honey, Either Alone or in Combination With Topical Antibiotics, Against Bacteria Commonly Found in Equine Ulcerative Keratitis. Veterinary Ophthalmology, 29(2), e70111. https://doi.org/10.1111/vop.70111",ok,16
PMC2478674,10.1186/1472-6882-8-41,Antimicrobial activity of two South African honeys produced from indigenous Leucospermum cordifolium and Erica species on selected micro-organisms,BMC Complementary and Alternative Medicine,2008,"Basson, Nicolaas J; Grobler, Sias R","Basson and Grobler, 2008","Basson, N.J., Grobler, S.R. (2008). Antimicrobial activity of two South African honeys produced from indigenous Leucospermum cordifolium and Erica species on selected micro-organisms. BMC Complementary and Alternative Medicine, 8(1), 41. https://doi.org/10.1186/1472-6882-8-41",ok,17
PMC9607359,10.3390/ph15101212,"The Antimicrobial Effects of Saudi Sumra Honey against Drug Resistant Pathogens: Phytochemical Analysis, Antibiofilm, Anti-Quorum Sensing, and Antioxidant Activities",Pharmaceuticals,2022,"Bazaid, Abdulrahman S.; Aldarhami, Abdu; Patel, Mitesh; Adnan, Mohd; Hamdi, Assia; Snoussi, Mejdi; Qanash, Husam; Imam, Mohammed; Monjed, Mohammad Khalil; Khateb, Aiah Mustafa","Bazaid et al., 2022","Bazaid, A.S., Aldarhami, A., Patel, M., Adnan, M., Hamdi, A., Snoussi, M., Qanash, H., Imam, M., Monjed, M.K., Khateb, A.M. (2022). The Antimicrobial Effects of Saudi Sumra Honey against Drug Resistant Pathogens: Phytochemical Analysis, Antibiofilm, Anti-Quorum Sensing, and Antioxidant Activities. Pharmaceuticals, 15(10), 1212. https://doi.org/10.3390/ph15101212",ok,18
PMC10534861,10.3390/pharmaceutics15092177,"Antibiofilm, Antimicrobial, Anti-Quorum Sensing, and Antioxidant Activities of Saudi Sidr Honey: In Vitro and Molecular Docking Studies",Pharmaceutics,2023,"Bazaid, Abdulrahman S.; Alsolami, Ahmed; Patel, Mitesh; Khateb, Aiah Mustafa; Aldarhami, Abdu; Snoussi, Mejdi; Almusheet, Shekah M.; Qanash, Husam","Bazaid et al., 2023","Bazaid, A.S., Alsolami, A., Patel, M., Khateb, A.M., Aldarhami, A., Snoussi, M., Almusheet, S.M., Qanash, H. (2023). Antibiofilm, Antimicrobial, Anti-Quorum Sensing, and Antioxidant Activities of Saudi Sidr Honey: In Vitro and Molecular Docking Studies. Pharmaceutics, 15(9), 2177. https://doi.org/10.3390/pharmaceutics15092177",ok,19
PMC11675739,10.3390/foods13244120,"Bioactive Compounds, Antioxidant Properties, and Antimicrobial Profiling of a Range of West Algerian Honeys: In Vitro Comparative Screening Prior to Therapeutic Purpose",Foods,2024,"Bereksi-Reguig, Dalila; Allali, Hocine; Taib, Nadjat; Aissaoui, Nadia; Wlodarczyk-Stasiak, Marzena; Kowalski, Radoslaw","Bereksi-Reguig et al., 2024","Bereksi-Reguig, D., Allali, H., Taib, N., Aissaoui, N., Wlodarczyk-Stasiak, M., Kowalski, R. (2024). Bioactive Compounds, Antioxidant Properties, and Antimicrobial Profiling of a Range of West Algerian Honeys: In Vitro Comparative Screening Prior to Therapeutic Purpose. Foods, 13(24), 4120. https://doi.org/10.3390/foods13244120",ok,20
PMC6332115,10.3390/molecules200916068,Comparing the Antibacterial and Functional Properties of Cameroonian and Manuka Honeys for Potential Wound Healing—Have We Come Full Cycle in Dealing with Antibiotic Resistance?,Molecules,2015,"Boateng, Joshua; Diunase, Keshu","Boateng and Diunase, 2015","Boateng, J., Diunase, K. (2015). Comparing the Antibacterial and Functional Properties of Cameroonian and Manuka Honeys for Potential Wound Healing—Have We Come Full Cycle in Dealing with Antibiotic Resistance?. Molecules, 20(9), 16068-16084. https://doi.org/10.3390/molecules200916068",ok,21
PMC6027671,10.3390/scipharm86020014,Honey Bee as Alternative Medicine to Treat Eleven Multidrug-Resistant Bacteria Causing Urinary Tract Infection during Pregnancy,Scientia Pharmaceutica,2018,"Bouacha, Mabrouka; Ayed, Hayette; Grara, Nedjoud","Bouacha et al., 2018","Bouacha, M., Ayed, H., Grara, N. (2018). Honey Bee as Alternative Medicine to Treat Eleven Multidrug-Resistant Bacteria Causing Urinary Tract Infection during Pregnancy. Scientia Pharmaceutica, 86(2), 14. https://doi.org/10.3390/scipharm86020014",ok,22
PMC11561629,10.1021/acsomega.4c04284,"Authentication of Ziziphus lotus Honey from the Middle Atlas Mountains of Morocco: Physicochemical Properties, Mineral Content, Sugar, Polyphenol Profiles, and Antioxidant Capacity",ACS Omega,2024,"Bouddine, Toufik; Kachmar, Mohamed Reda; Akdad, Mourad; Bouymajane, Aziz; Ajebli, Mohamed; Mothana, Ramzi A.; Alanzi, Abdullah R.; Hajjaj, Hassan; Khallouki, Farid; Reybroeck, Wim; Van Poucke, Christof; Hajji, Lhoussain","Bouddine et al., 2024","Bouddine, T., Kachmar, M.R., Akdad, M., Bouymajane, A., Ajebli, M., Mothana, R.A., Alanzi, A.R., Hajjaj, H., Khallouki, F., Reybroeck, W., Van Poucke, C., Hajji, L. (2024). Authentication of Ziziphus lotus Honey from the Middle Atlas Mountains of Morocco: Physicochemical Properties, Mineral Content, Sugar, Polyphenol Profiles, and Antioxidant Capacity. ACS Omega, 9(45), 44956-44973. https://doi.org/10.1021/acsomega.4c04284",ok,23
PMC7076972,10.1186/s12906-020-2829-5,"Physical characteristics and antimicrobial properties of Apis mellifera, Frieseomelitta nigra and Melipona favosa bee honeys from apiaries in Trinidad and Tobago",BMC Complementary Medicine and Therapies,2020,"Brown, Elijah; O’Brien, Michel; Georges, Karla; Suepaul, Sharianne","Brown et al., 2020","Brown, E., O’Brien, M., Georges, K., Suepaul, S. (2020). Physical characteristics and antimicrobial properties of Apis mellifera, Frieseomelitta nigra and Melipona favosa bee honeys from apiaries in Trinidad and Tobago. BMC Complementary Medicine and Therapies, 20(1), 85. https://doi.org/10.1186/s12906-020-2829-5",ok,24
PMC4382210,10.1371/journal.pone.0120238,"Honey Glycoproteins Containing Antimicrobial Peptides, Jelleins of the Major Royal Jelly Protein 1, Are Responsible for the Cell Wall Lytic and Bactericidal Activities of Honey",PLOS ONE,2015,"Brudzynski, Katrina; Sjaarda, Calvin","Brudzynski and Sjaarda, 2015","Brudzynski, K., Sjaarda, C. (2015). Honey Glycoproteins Containing Antimicrobial Peptides, Jelleins of the Major Royal Jelly Protein 1, Are Responsible for the Cell Wall Lytic and Bactericidal Activities of Honey. PLOS ONE, 10(4), e0120238. https://doi.org/10.1371/journal.pone.0120238",ok,25
PMC3389331,10.3389/fmicb.2012.00242,"Powerful bacterial killing by buckwheat honeys is concentration-dependent, involves complete DNA degradation and requires hydrogen peroxide",Frontiers in Microbiology,2012,"Brudzynski, Katrina; Abubaker, Kamal; Wang, Tony","Brudzynski et al., 2012","Brudzynski, K., Abubaker, K., Wang, T. (2012). Powerful bacterial killing by buckwheat honeys is concentration-dependent, involves complete DNA degradation and requires hydrogen peroxide. Frontiers in Microbiology, 3. https://doi.org/10.3389/fmicb.2012.00242",ok,26
PMC10141347,10.3390/metabo13040526,Unexpected Value of Honey Color for Prediction of a Non-Enzymatic H2O2 Production and Honey Antibacterial Activity: A Perspective,Metabolites,2023,"Brudzynski, Katrina","Brudzynski, 2023","Brudzynski, K. (2023). Unexpected Value of Honey Color for Prediction of a Non-Enzymatic H2O2 Production and Honey Antibacterial Activity: A Perspective. Metabolites, 13(4), 526. https://doi.org/10.3390/metabo13040526",ok,27
PMC11376693,10.15537/smj.2024.45.9.20240153,Biological studies of the activity of Manuka honey against Carbapenem-resistant Enterobacterales (CRE) bacteria,Saudi Medical Journal,2024,"Bukhari, Mamdouh A.; Qamash, Razaz A.; Bulkhi, Rasha A.; Bifari, Jehad A.; Bakhsh, Omar S.; Hawsawi, Khalid O.; Matuure, Ehab Y.; Sulaimani, Kamil A.; Hakim, Ashwaq T.; Mujahid, Maher S.","Bukhari et al., 2024","Bukhari, M.A., Qamash, R.A., Bulkhi, R.A., Bifari, J.A., Bakhsh, O.S., Hawsawi, K.O., Matuure, E.Y., Sulaimani, K.A., Hakim, A.T., Mujahid, M.S. (2024). Biological studies of the activity of Manuka honey against Carbapenem-resistant Enterobacterales (CRE) bacteria. Saudi Medical Journal, 45(9), 876-887. https://doi.org/10.15537/smj.2024.45.9.20240153",ok,28
PMC4023514,10.1186/1476-0711-13-19,Manuka honey treatment of biofilms of Pseudomonas aeruginosa results in the emergence of isolates with increased honey resistance,Annals of Clinical Microbiology and Antimicrobials,2014,"Camplin, Aimee L; Maddocks, Sarah E","Camplin and Maddocks, 2014","Camplin, A.L., Maddocks, S.E. (2014). Manuka honey treatment of biofilms of Pseudomonas aeruginosa results in the emergence of isolates with increased honey resistance. Annals of Clinical Microbiology and Antimicrobials, 13(1), 19. https://doi.org/10.1186/1476-0711-13-19",ok,29
PMC3406342,10.3389/fmicb.2012.00265,The effect of standard heat and filtration processing procedures on antimicrobial activity and hydrogen peroxide levels in honey,Frontiers in Microbiology,2012,"Chen, Cuilan; Campbell, Leona T.; Blair, Shona E.; Carter, Dee A.","Chen et al., 2012","Chen, C., Campbell, L.T., Blair, S.E., Carter, D.A. (2012). The effect of standard heat and filtration processing procedures on antimicrobial activity and hydrogen peroxide levels in honey. Frontiers in Microbiology, 3. https://doi.org/10.3389/fmicb.2012.00265",ok,30
PMC13068764,10.1007/s00284-026-04866-6,Evaluation of the Antimicrobial Potential of Malaysian Kelulut Honeydew Honey Against Acne Pathogens,Current Microbiology,2026,"Chin, Siau Wui; Azman, Adzzie-Shazleen; Yap, Michelle Khai Kun; Tan, Ji Wei","Chin et al., 2026","Chin, S.W., Azman, A., Yap, M.K.K., Tan, J.W. (2026). Evaluation of the Antimicrobial Potential of Malaysian Kelulut Honeydew Honey Against Acne Pathogens. Current Microbiology, 83(6), 298. https://doi.org/10.1007/s00284-026-04866-6",ok,31
PMC11052219,10.3390/microorganisms12040778,The Antimicrobial and Antibiofilm Abilities of Fish Oil Derived Polyunsaturated Fatty Acids and Manuka Honey,Microorganisms,2024,"Clare, Jenna; Lindley, Martin R.; Ratcliffe, Elizabeth","Clare et al., 2024","Clare, J., Lindley, M.R., Ratcliffe, E. (2024). The Antimicrobial and Antibiofilm Abilities of Fish Oil Derived Polyunsaturated Fatty Acids and Manuka Honey. Microorganisms, 12(4), 778. https://doi.org/10.3390/microorganisms12040778",ok,32
PMC10386826,10.7717/peerj.15645,Unique antimicrobial activity in honey from the Australian honeypot ant ( Camponotus inflatus ),PeerJ,2023,"Dong, Andrew Z.; Cokcetin, Nural; Carter, Dee A.; Fernandes, Kenya E.","Dong et al., 2023","Dong, A.Z., Cokcetin, N., Carter, D.A., Fernandes, K.E. (2023). Unique antimicrobial activity in honey from the Australian honeypot ant ( Camponotus inflatus ). PeerJ, 11, e15645. https://doi.org/10.7717/peerj.15645",ok,33
PMC11585709,10.1016/j.heliyon.2024.e40202,Bio-fabrication of biologically active copper nanocomposite,Heliyon,2024,"Eid, Nehal; El-Seedi, Hesham R.; Ahmed, Hanan B.; Emam, Hossam E.","Eid et al., 2024","Eid, N., El-Seedi, H.R., Ahmed, H.B., Emam, H.E. (2024). Bio-fabrication of biologically active copper nanocomposite. Heliyon, 10(22), e40202. https://doi.org/10.1016/j.heliyon.2024.e40202",ok,34
PMC13379289,10.1039/d6ra02816k,Egyptian fennel honey as a potential sustainable and economical alternative to manuka honey: a multi-parameter comparative study,RSC Advances,2026,"Elgazar, Abdullah A.; Ghazy, Mohamed G.; Badria, Farid A.","Elgazar et al., 2026","Elgazar, A.A., Ghazy, M.G., Badria, F.A. (2026). Egyptian fennel honey as a potential sustainable and economical alternative to manuka honey: a multi-parameter comparative study. RSC Advances, 16(38), 41511-41528. https://doi.org/10.1039/d6ra02816k",ok,35
PMC7936102,10.1016/j.jtcme.2020.02.007,Portuguese honeys as antimicrobial agents against Candida species,Journal of Traditional and Complementary Medicine,2021,"Fernandes, Liliana; Ribeiro, Henrique; Oliveira, Ana; Sanches Silva, Ana; Freitas, Andreia; Henriques, Mariana; Rodrigues, Maria Elisa","Fernandes et al., 2021","Fernandes, L., Ribeiro, H., Oliveira, A., Sanches Silva, A., Freitas, A., Henriques, M., Rodrigues, M.E. (2021). Portuguese honeys as antimicrobial agents against Candida species. Journal of Traditional and Complementary Medicine, 11(2), 130-136. https://doi.org/10.1016/j.jtcme.2020.02.007",ok,36
PMC11111008,10.1371/journal.pone.0303095,Long-term stability and the physical and chemical factors predictive for antimicrobial activity in Australian honey,PLOS ONE,2024,"Fernandes, Kenya E.; Dong, Andrew Z.; Levina, Aviva; Cokcetin, Nural N.; Brooks, Peter; Carter, Dee A.","Fernandes et al., 2024","Fernandes, K.E., Dong, A.Z., Levina, A., Cokcetin, N.N., Brooks, P., Carter, D.A. (2024). Long-term stability and the physical and chemical factors predictive for antimicrobial activity in Australian honey. PLOS ONE, 19(5), e0303095. https://doi.org/10.1371/journal.pone.0303095",ok,37
PMC12175512,10.1128/aem.02523-24,"Strong antimicrobial activity and unique physicochemical characteristics in honey from Australian stingless bees Tetragonula carbonaria , Tetragonula hockingsi , and Austroplebeia australis",Applied and Environmental Microbiology,2025,"Fernandes, Kenya E.; Levina, Aviva; Cokcetin, Nural N.; Haley, Dean; Li, Jasmin; Brooks, Peter; Gloag, Rosalyn; Carter, Dee A.","Fernandes et al., 2025","Fernandes, K.E., Levina, A., Cokcetin, N.N., Haley, D., Li, J., Brooks, P., Gloag, R., Carter, D.A. (2025). Strong antimicrobial activity and unique physicochemical characteristics in honey from Australian stingless bees Tetragonula carbonaria , Tetragonula hockingsi , and Austroplebeia australis. Applied and Environmental Microbiology, 91(6), e02523-24. https://doi.org/10.1128/aem.02523-24",ok,38
PMC12929673,10.1002/mbo3.70238,Diverse Forage Enhances the Antimicrobial Potency of Australian Honey,MicrobiologyOpen,2026,"Fernandes, Kenya E.; Dong, Andrew; Ayton, Jamie; Groves, Leanne; Graham, Kerrie; Brooks, Peter; Cokcetin, Nural; Carter, Dee A.","Fernandes et al., 2026","Fernandes, K.E., Dong, A., Ayton, J., Groves, L., Graham, K., Brooks, P., Cokcetin, N., Carter, D.A. (2026). Diverse Forage Enhances the Antimicrobial Potency of Australian Honey. MicrobiologyOpen, 15(1), e70238. https://doi.org/10.1002/mbo3.70238",ok,39
PMC6269728,10.3390/molecules18044233,Effect of Erica sp. Honey against Microorganisms of Clinical Importance: Study of the Factors Underlying this Biological Activity,Molecules,2013,"Feás, Xesus; Iglesias, Antonio; Rodrigues, Sandra; Estevinho, Leticia","Feás et al., 2013","Feás, X., Iglesias, A., Rodrigues, S., Estevinho, L. (2013). Effect of Erica sp. Honey against Microorganisms of Clinical Importance: Study of the Factors Underlying this Biological Activity. Molecules, 18(4), 4233-4246. https://doi.org/10.3390/molecules18044233",ok,40
PMC12379519,10.1186/s12866-025-04326-4,Probiotic potential of ‘lactobacilli’ isolated from traditionally fermented Ethiopian honey wine (Tej),BMC Microbiology,2025,"Getachew, Tigist; Ashenafi, Mogessie; Tigu, Fitsum; Birri, Dagim Jirata; Naoli, Abebe; Desalegn, Asnake","Getachew et al., 2025","Getachew, T., Ashenafi, M., Tigu, F., Birri, D.J., Naoli, A., Desalegn, A. (2025). Probiotic potential of ‘lactobacilli’ isolated from traditionally fermented Ethiopian honey wine (Tej). BMC Microbiology, 25(1), 549. https://doi.org/10.1186/s12866-025-04326-4",ok,41
PMC6814216,10.1371/journal.pone.0224495,Antibacterial activity of varying UMF-graded Manuka honeys,PLOS ONE,2019,"Girma, Alodia; Seo, Wonjae; She, Rosemary C.","Girma et al., 2019","Girma, A., Seo, W., She, R.C. (2019). Antibacterial activity of varying UMF-graded Manuka honeys. PLOS ONE, 14(10), e0224495. https://doi.org/10.1371/journal.pone.0224495",ok,42
PMC8234392,10.3390/foods10061402,Comparing the Antimicrobial Actions of Greek Honeys from the Island of Lemnos and Manuka Honey from New Zealand against Clinically Important Bacteria,Foods,2021,"Gkoutzouvelidou, Maria; Panos, Georgios; Xanthou, Maria Nefertiti; Papachristoforou, Alexandros; Giaouris, Efstathios","Gkoutzouvelidou et al., 2021","Gkoutzouvelidou, M., Panos, G., Xanthou, M.N., Papachristoforou, A., Giaouris, E. (2021). Comparing the Antimicrobial Actions of Greek Honeys from the Island of Lemnos and Manuka Honey from New Zealand against Clinically Important Bacteria. Foods, 10(6), 1402. https://doi.org/10.3390/foods10061402",ok,43
PMC11682447,10.1038/s41598-024-82429-0,"The comparison of the antioxidant, antibacterial and antiviral potential of Polish fir honeydew and Manuka honeys",Scientific Reports,2024,"Grabek-Lejko, Dorota; Miłek, Michał; Dżugan, Małgorzata","Grabek-Lejko et al., 2024","Grabek-Lejko, D., Miłek, M., Dżugan, M. (2024). The comparison of the antioxidant, antibacterial and antiviral potential of Polish fir honeydew and Manuka honeys. Scientific Reports, 14(1), 31170. https://doi.org/10.1038/s41598-024-82429-0",ok,44
PMC9333225,10.1371/journal.pone.0272376,Correlation of the antibacterial activity of commercial manuka and Leptospermum honeys from Australia and New Zealand with methylglyoxal content and other physicochemical characteristics,PLOS ONE,2022,"Green, Kathryn J.; Lawag, Ivan L.; Locher, Cornelia; Hammer, Katherine A.","Green et al., 2022","Green, K.J., Lawag, I.L., Locher, C., Hammer, K.A. (2022). Correlation of the antibacterial activity of commercial manuka and Leptospermum honeys from Australia and New Zealand with methylglyoxal content and other physicochemical characteristics. PLOS ONE, 17(7), e0272376. https://doi.org/10.1371/journal.pone.0272376",ok,45
PMC8209695,10.1099/acmi.0.000198,Factors affecting the production and measurement of hydrogen peroxide in honey samples,Access Microbiology,2021,"Guttentag, Annabel; Krishnakumar, Krishothman; Cokcetin, Nural; Harry, Elizabeth; Carter, Dee","Guttentag et al., 2021","Guttentag, A., Krishnakumar, K., Cokcetin, N., Harry, E., Carter, D. (2021). Factors affecting the production and measurement of hydrogen peroxide in honey samples. Access Microbiology, 3(3). https://doi.org/10.1099/acmi.0.000198",ok,46
PMC8626341,10.1016/j.sjbs.2021.08.055,Potential effects of Saudi Shaoka (Fagonia bruguieri) honey against multi-drug-resistant bacteria and cancer cells in comparison to Manuka honey,Saudi Journal of Biological Sciences,2021,"Halawani, Eman Mohammed","Halawani, 2021","Halawani, E.M. (2021). Potential effects of Saudi Shaoka (Fagonia bruguieri) honey against multi-drug-resistant bacteria and cancer cells in comparison to Manuka honey. Saudi Journal of Biological Sciences, 28(12), 7379-7389. https://doi.org/10.1016/j.sjbs.2021.08.055",ok,47
PMC9371847,10.1155/2022/1518511,"Chemical Composition and the Anticancer, Antimicrobial, and Antioxidant Properties of Acacia Honey from the Hail Region: The in vitro and in silico Investigation",Evidence-Based Complementary and Alternative Medicine,2022,"Hamadou, Walid Sabri; Bouali, Nouha; Badraoui, Riadh; Hadj Lajimi, Ramzi; Hamdi, Assia; Alreshidi, Mousa; Patel, Mitesh; Adnan, Mohd; Siddiqui, Arif Jamal; Noumi, Emira; Rao Pasupuleti, Visweswara; Snoussi, Mejdi","Hamadou et al., 2022","Hamadou, W.S., Bouali, N., Badraoui, R., Hadj Lajimi, R., Hamdi, A., Alreshidi, M., Patel, M., Adnan, M., Siddiqui, A.J., Noumi, E., Rao Pasupuleti, V., Snoussi, M. (2022). Chemical Composition and the Anticancer, Antimicrobial, and Antioxidant Properties of Acacia Honey from the Hail Region: The in vitro and in silico Investigation. Evidence-Based Complementary and Alternative Medicine, 2022, 1-16. https://doi.org/10.1155/2022/1518511",ok,48
PMC10856440,10.3390/molecules29030671,Biochemical Profiling and Physicochemical and Biological Valorization of Iraqi Honey: A Comprehensive Analysis,Molecules,2024,"Hameed, Omar Mohammed; Shaker, Ohood Mzahim; Ben Slima, Ahlem; Makni, Mohamed","Hameed et al., 2024","Hameed, O.M., Shaker, O.M., Ben Slima, A., Makni, M. (2024). Biochemical Profiling and Physicochemical and Biological Valorization of Iraqi Honey: A Comprehensive Analysis. Molecules, 29(3), 671. https://doi.org/10.3390/molecules29030671",ok,49
PMC4029012,10.3389/fmicb.2014.00180,Effect of methylglyoxal on multidrug-resistant Pseudomonas aeruginosa,Frontiers in Microbiology,2014,"Hayashi, Katsuhiko; Fukushima, Aiko; Hayashi-Nishino, Mitsuko; Nishino, Kunihiko","Hayashi et al., 2014","Hayashi, K., Fukushima, A., Hayashi-Nishino, M., Nishino, K. (2014). Effect of methylglyoxal on multidrug-resistant Pseudomonas aeruginosa. Frontiers in Microbiology, 5. https://doi.org/10.3389/fmicb.2014.00180",ok,50
PMC12092607,10.1038/s41598-025-00773-1,Chemical composition of Egyptian propolis and studying its antimicrobial activity and synergistic action with honey against some multidrug-resistant uropathogens,Scientific Reports,2025,"Helmy, Asmaa K.; Sidkey, Nagwa M.; Abdel-Aziz, Marwa M.; El-Hela, Atef A.","Helmy et al., 2025","Helmy, A.K., Sidkey, N.M., Abdel-Aziz, M.M., El-Hela, A.A. (2025). Chemical composition of Egyptian propolis and studying its antimicrobial activity and synergistic action with honey against some multidrug-resistant uropathogens. Scientific Reports, 15(1), 17484. https://doi.org/10.1038/s41598-025-00773-1",ok,51
PMC13035723,10.3389/fvets.2026.1782821,In vitro efficacy of four potential antimicrobial substances against Klebsiella species and Streptococcus uberis isolated from bovine mastitis,Frontiers in Veterinary Science,2026,"Hillebrand, Jennifer; Oltmanns, Hilke; Meißner, Jessica","Hillebrand et al., 2026","Hillebrand, J., Oltmanns, H., Meißner, J. (2026). In vitro efficacy of four potential antimicrobial substances against Klebsiella species and Streptococcus uberis isolated from bovine mastitis. Frontiers in Veterinary Science, 13, 1782821. https://doi.org/10.3389/fvets.2026.1782821",ok,52
PMC12189776,10.3390/antibiotics14060592,"Integrated Assessment of Antibacterial Activity, Polyphenol Composition, Molecular Docking, and ADME Properties of Romanian Oak and Fir Honeydew Honeys",Antibiotics,2025,"Hulea, Calin; Obistioiu, Diana; Hulea, Anca; Suleiman, Mukhtar Adeiza; Floares (Oarga), Doris; Alexa, Ersilia; Imbrea, Ilinca Merima; Neacșu, Alina-Georgeta; Pentea, Marius; Popescu, Cosmin Alin; Imbrea, Florin","Hulea et al., 2025","Hulea, C., Obistioiu, D., Hulea, A., Suleiman, M.A., Floares (Oarga), D., Alexa, E., Imbrea, I.M., Neacșu, A., Pentea, M., Popescu, C.A., Imbrea, F. (2025). Integrated Assessment of Antibacterial Activity, Polyphenol Composition, Molecular Docking, and ADME Properties of Romanian Oak and Fir Honeydew Honeys. Antibiotics, 14(6), 592. https://doi.org/10.3390/antibiotics14060592",ok,53
PMC6659206,10.1186/s12906-019-2603-8,In vitro evaluation of methicillin-resistant and methicillin-sensitive Staphylococcus aureus susceptibility to Saudi honeys,BMC Complementary and Alternative Medicine,2019,"Hussain, Muhammad Barkaat; Kamel, Yasser Mahmoud; Ullah, Zia; Jiman-Fatani, Asif Ahmad Mohamad; Ahmad, Ansar Shafiq","Hussain et al., 2019","Hussain, M.B., Kamel, Y.M., Ullah, Z., Jiman-Fatani, A.A.M., Ahmad, A.S. (2019). In vitro evaluation of methicillin-resistant and methicillin-sensitive Staphylococcus aureus susceptibility to Saudi honeys. BMC Complementary and Alternative Medicine, 19(1), 185. https://doi.org/10.1186/s12906-019-2603-8",ok,54
PMC10223701,10.3390/molecules28104135,Chemical Composition and Antimicrobial Properties of Honey Bee Venom,Molecules,2023,"Isidorov, Valery; Zalewski, Adam; Zambrowski, Grzegorz; Swiecicka, Izabela","Isidorov et al., 2023","Isidorov, V., Zalewski, A., Zambrowski, G., Swiecicka, I. (2023). Chemical Composition and Antimicrobial Properties of Honey Bee Venom. Molecules, 28(10), 4135. https://doi.org/10.3390/molecules28104135",ok,55
PMC12686235,10.1007/s13205-025-04609-7,"Bacillus subtilis EGY1 glucansucrase: optimization, characterization and immobilization using activated carrier of pectin-egg white protein beads",3 Biotech,2025,"Ismail, Shaymaa A.; Wahba, Marwa I.; Nour, Shaimaa A.; Gamal, Amira A.; Ezzat, Asmaa; Hashem, Amal M.","Ismail et al., 2025","Ismail, S.A., Wahba, M.I., Nour, S.A., Gamal, A.A., Ezzat, A., Hashem, A.M. (2025). Bacillus subtilis EGY1 glucansucrase: optimization, characterization and immobilization using activated carrier of pectin-egg white protein beads. 3 Biotech, 16(1), 16. https://doi.org/10.1007/s13205-025-04609-7",ok,56
PMC4417269,10.1186/0717-6287-48-4,"Activities of different types of Thai honey on pathogenic bacteria causing skin diseases, tyrosinase enzyme and generating free radicals",Biological Research,2015,"Jantakee, Kanyaluck; Tragoolpua, Yingmanee","Jantakee and Tragoolpua, 2015","Jantakee, K., Tragoolpua, Y. (2015). Activities of different types of Thai honey on pathogenic bacteria causing skin diseases, tyrosinase enzyme and generating free radicals. Biological Research, 48(1), 4. https://doi.org/10.1186/0717-6287-48-4",ok,57
PMC4398880,10.1007/s00203-015-1091-6,A demonstration of the susceptibility of clinical isolates obtained from cystic fibrosis patients to manuka honey,Archives of Microbiology,2015,"Jenkins, Rowena; Wootton, Mandy; Howe, Robin; Cooper, Rose","Jenkins et al., 2015","Jenkins, R., Wootton, M., Howe, R., Cooper, R. (2015). A demonstration of the susceptibility of clinical isolates obtained from cystic fibrosis patients to manuka honey. Archives of Microbiology, 197(4), 597-601. https://doi.org/10.1007/s00203-015-1091-6",ok,58
PMC5489923,10.3390/scipharm85020019,"Antibacterial Activity of Ethanolic Extract of Cinnamon Bark, Honey, and Their Combination Effects against Acne-Causing Bacteria",Scientia Pharmaceutica,2017,"Julianti, Elin; Rajah, Kasturi K.; Fidrianny, Irda","Julianti et al., 2017","Julianti, E., Rajah, K.K., Fidrianny, I. (2017). Antibacterial Activity of Ethanolic Extract of Cinnamon Bark, Honey, and Their Combination Effects against Acne-Causing Bacteria. Scientia Pharmaceutica, 85(2), 19. https://doi.org/10.3390/scipharm85020019",ok,59
PMC12532491,10.1002/mbo3.70076,"In Vitro Antibacterial Activity of Raw Honey From Apis mellifera , Awi Zone, Amhara, Ethiopia",MicrobiologyOpen,2025,"Kumera, Bulti; Gebreamanule, Bekele; Atnkut, Belsti; Merid, Mestawot; Tilahun, Tadele; Tsega, Alemu; Fassil, Amare; Dessie, Yitayih; Kassie, Banchalem","Kumera et al., 2025","Kumera, B., Gebreamanule, B., Atnkut, B., Merid, M., Tilahun, T., Tsega, A., Fassil, A., Dessie, Y., Kassie, B. (2025). In Vitro Antibacterial Activity of Raw Honey From Apis mellifera , Awi Zone, Amhara, Ethiopia. MicrobiologyOpen, 14(5), e70076. https://doi.org/10.1002/mbo3.70076",ok,60
PMC6425412,10.1155/2019/4101695,"Comparative Assessment on Selected Physicochemical Parameters and Antioxidant and Antimicrobial Activities of Honey Samples from Selected Districts of the Amhara and Tigray Regions, Ethiopia",International Journal of Food Science,2019,"Lewoyehu, Mekuanint; Amare, Meareg","Lewoyehu and Amare, 2019","Lewoyehu, M., Amare, M. (2019). Comparative Assessment on Selected Physicochemical Parameters and Antioxidant and Antimicrobial Activities of Honey Samples from Selected Districts of the Amhara and Tigray Regions, Ethiopia. International Journal of Food Science, 2019, 1-10. https://doi.org/10.1155/2019/4101695",ok,61
PMC12249035,10.3390/foods14132376,"Physicochemical Properties, Antioxidant and Antibacterial Activities and Anti-Hepatocarcinogenic Effect and Potential Mechanism of Schefflera oleifera Honey Against HepG2 Cells",Foods,2025,"Li, Jingjing; Wang, Jie; Wang, Yicong; Yang, Wenchao","Li et al., 2025","Li, J., Wang, J., Wang, Y., Yang, W. (2025). Physicochemical Properties, Antioxidant and Antibacterial Activities and Anti-Hepatocarcinogenic Effect and Potential Mechanism of Schefflera oleifera Honey Against HepG2 Cells. Foods, 14(13), 2376. https://doi.org/10.3390/foods14132376",ok,62
PMC10622673,10.3389/fcimb.2023.1219984,Combinatorial efficacy of Manuka honey and antibiotics in the in vitro control of staphylococci and their small colony variants,Frontiers in Cellular and Infection Microbiology,2023,"Liang, Jiawei; Adeleye, Mowalolaoluwa; Onyango, Laura A.","Liang et al., 2023","Liang, J., Adeleye, M., Onyango, L.A. (2023). Combinatorial efficacy of Manuka honey and antibiotics in the in vitro control of staphylococci and their small colony variants. Frontiers in Cellular and Infection Microbiology, 13, 1219984. https://doi.org/10.3389/fcimb.2023.1219984",ok,63
PMC11799142,10.1038/s41598-025-88613-0,"Physicochemical parameters, microbiological quality, and antibacterial activity of honey from the Bucovina region of Romania",Scientific Reports,2025,"Luca, Liliana; Pauliuc, Daniela; Ursachi, Florin; Oroian, Mircea","Luca et al., 2025","Luca, L., Pauliuc, D., Ursachi, F., Oroian, M. (2025). Physicochemical parameters, microbiological quality, and antibacterial activity of honey from the Bucovina region of Romania. Scientific Reports, 15(1), 4358. https://doi.org/10.1038/s41598-025-88613-0",ok,64
PMC12861962,10.1016/j.jgeb.2025.100559,"Potential antibacterial, antioxidant and anticancer activities of Nigerian mountain honey in relation to its bacterial flora",Journal of Genetic Engineering and Biotechnology,2025,"Mansour, Sara H.; El-shazly, Asmaa I.; Gamal, Amira A.; Elsayed, Elsayed A.; Wadaan, Mohammad A.; Esawy, Mona A.","Mansour et al., 2025","Mansour, S.H., El-shazly, A.I., Gamal, A.A., Elsayed, E.A., Wadaan, M.A., Esawy, M.A. (2025). Potential antibacterial, antioxidant and anticancer activities of Nigerian mountain honey in relation to its bacterial flora. Journal of Genetic Engineering and Biotechnology, 23(4), 100559. https://doi.org/10.1016/j.jgeb.2025.100559",ok,65
PMC6313337,10.3390/medicines5040135,A New Approach for Indexing Honey for Its Heath/Medicinal Benefits: Visualization of the Concept by Indexing Based on Antioxidant and Antibacterial Activities,Medicines,2018,"Masalha, Mahmud; Abu-Lafi, Saleh; Abu-Farich, Basheer; Rayan, Mahmoud; Issa, Nael; Zeidan, Mouhammad; Rayan, Anwar","Masalha et al., 2018","Masalha, M., Abu-Lafi, S., Abu-Farich, B., Rayan, M., Issa, N., Zeidan, M., Rayan, A. (2018). A New Approach for Indexing Honey for Its Heath/Medicinal Benefits: Visualization of the Concept by Indexing Based on Antioxidant and Antibacterial Activities. Medicines, 5(4), 135. https://doi.org/10.3390/medicines5040135",ok,66
PMC8868498,10.3390/antibiotics11020145,Combined Inhibitory Effect of Fir (Abies alba Mill.) Honeydew Honey and Probiotic Bacteria Lactiplantibacillus plantarum on the Growth of Salmonella enterica Serotype Typhimurium,Antibiotics,2022,"Mežnarić, Silvestar; Brčić Karačonji, Irena; Crnković, Goranka; Lesar, Andrija; Pavlešić, Tomislav; Vučković, Darinka; Gobin, Ivana","Mežnarić et al., 2022","Mežnarić, S., Brčić Karačonji, I., Crnković, G., Lesar, A., Pavlešić, T., Vučković, D., Gobin, I. (2022). Combined Inhibitory Effect of Fir (Abies alba Mill.) Honeydew Honey and Probiotic Bacteria Lactiplantibacillus plantarum on the Growth of Salmonella enterica Serotype Typhimurium. Antibiotics, 11(2), 145. https://doi.org/10.3390/antibiotics11020145",ok,67
PMC13072155,10.3390/ani16071125,Chilean Honey as Alternative Antibacterial: In Vitro Activity Against Multidrug-Resistant Canine Bacterial Pathogens,Animals,2026,"Mireles-Villanueva, Mirelly Venecia; Reyna-Fuentes, Jesús Humberto; Vázquez-Sauceda, María de la Luz; Vargas, María Belén; Cornejo, Javiera; Neira, Mariella; Muñoz-Sánchez, Ruben Alberto; Lapierre, Lisette","Mireles-Villanueva et al., 2026","Mireles-Villanueva, M.V., Reyna-Fuentes, J.H., Vázquez-Sauceda, M.d.l.L., Vargas, M.B., Cornejo, J., Neira, M., Muñoz-Sánchez, R.A., Lapierre, L. (2026). Chilean Honey as Alternative Antibacterial: In Vitro Activity Against Multidrug-Resistant Canine Bacterial Pathogens. Animals, 16(7), 1125. https://doi.org/10.3390/ani16071125",ok,68
PMC9951885,10.3390/antibiotics12020235,"The Antioxidant, Antibacterial and Anti-Biofilm Properties of Rapeseed Creamed Honey Enriched with Selected Plant Superfoods",Antibiotics,2023,"Miłek, Michał; Ciszkowicz, Ewa; Sidor, Ewelina; Hęclik, Joanna; Lecka-Szlachta, Katarzyna; Dżugan, Małgorzata","Miłek et al., 2023","Miłek, M., Ciszkowicz, E., Sidor, E., Hęclik, J., Lecka-Szlachta, K., Dżugan, M. (2023). The Antioxidant, Antibacterial and Anti-Biofilm Properties of Rapeseed Creamed Honey Enriched with Selected Plant Superfoods. Antibiotics, 12(2), 235. https://doi.org/10.3390/antibiotics12020235",ok,69
PMC3042689,10.4061/2011/917505,Antibacterial Efficacy of Raw and Processed Honey,Biotechnology Research International,2011,"Mohapatra, D. P.; Thakur, V.; Brar, S. K.","Mohapatra et al., 2011","Mohapatra, D.P., Thakur, V., Brar, S.K. (2011). Antibacterial Efficacy of Raw and Processed Honey. Biotechnology Research International, 2011, 1-6. https://doi.org/10.4061/2011/917505",ok,70
PMC8021062,10.4103/jpbs.jpbs_280_19,Effect of non-hydrogen peroxide on antibacterial activity of Malaysian Meliponini honey against Staphylococcus aureus,Journal of Pharmacy And Bioallied Sciences,2020,"Mohd Hilmi, AbuBakar; Jibril, FatimaIbrahim; Aliyu, Sani","Mohd Hilmi et al., 2020","Mohd Hilmi, A., Jibril, F., Aliyu, S. (2020). Effect of non-hydrogen peroxide on antibacterial activity of Malaysian Meliponini honey against Staphylococcus aureus. Journal of Pharmacy And Bioallied Sciences, 12(6), 831. https://doi.org/10.4103/jpbs.jpbs_280_19",ok,71
PMC12891082,10.3389/frabi.2025.1692653,Activity of Biocidin® against microbial biofilms,Frontiers in Antibiotics,2026,"Mundanchira, Amy V.; Wong, Agnes; Klos-Maki, Kristen; Strand, Jocelyn; Marques, Cláudia N. H.","Mundanchira et al., 2026","Mundanchira, A.V., Wong, A., Klos-Maki, K., Strand, J., Marques, C.N.H. (2026). Activity of Biocidin® against microbial biofilms. Frontiers in Antibiotics, 4, 1692653. https://doi.org/10.3389/frabi.2025.1692653",ok,72
PMC11596660,10.3390/microorganisms12112309,"Biofilm Inhibition Activity of Fennel Honey, Fennel Essential Oil and Their Combination",Microorganisms,2024,"Nagy-Radványi, Lilla; Ormai, Edit; Koloh, Regina; Ángyán, Virág Diána; Kocsis, Béla; Bencsik-Kerekes, Erika; Szabó, Péter; Csikós, Eszter; Farkas, Ágnes; Horváth, Györgyi; Kocsis, Marianna; Balázs, Viktória Lilla","Nagy-Radványi et al., 2024a","Nagy-Radványi, L., Ormai, E., Koloh, R., Ángyán, V.D., Kocsis, B., Bencsik-Kerekes, E., Szabó, P., Csikós, E., Farkas, Á., Horváth, G., Kocsis, M., Balázs, V.L. (2024a). Biofilm Inhibition Activity of Fennel Honey, Fennel Essential Oil and Their Combination. Microorganisms, 12(11), 2309. https://doi.org/10.3390/microorganisms12112309",ok,73
PMC11068765,10.1038/s41598-024-60961-3,Antibacterial activity of Hungarian varietal honeys against respiratory pathogens as a function of storage time,Scientific Reports,2024,"Nagy-Radványi, Lilla; Balázs, Viktória L.; Kocsis, Béla; Csikós, Eszter; Ángyán, Virág D.; Szabó, Péter; Biró, Viktória; Kocsis, Marianna; Farkas, Ágnes","Nagy-Radványi et al., 2024b","Nagy-Radványi, L., Balázs, V.L., Kocsis, B., Csikós, E., Ángyán, V.D., Szabó, P., Biró, V., Kocsis, M., Farkas, Á. (2024b). Antibacterial activity of Hungarian varietal honeys against respiratory pathogens as a function of storage time. Scientific Reports, 14(1), 10200. https://doi.org/10.1038/s41598-024-60961-3",ok,74
PMC11109849,10.1016/j.heliyon.2024.e30839,Bio-functional properties and phytochemical composition of selected Apis mellifera honey from Africa,Heliyon,2024,"Ndungu, Nelly N.; Kegode, Timothy M.; Kurgat, Justus K.; Baleba, Steve B.S.; Cheseto, Xavier; Turner, S.; Tasse Taboue, Geraud C.; Kasina, J.M.; Subramanian, Sevgan; Nganso, Beatrice T.","Ndungu et al., 2024","Ndungu, N.N., Kegode, T.M., Kurgat, J.K., Baleba, S.B., Cheseto, X., Turner, S., Tasse Taboue, G.C., Kasina, J., Subramanian, S., Nganso, B.T. (2024). Bio-functional properties and phytochemical composition of selected Apis mellifera honey from Africa. Heliyon, 10(10), e30839. https://doi.org/10.1016/j.heliyon.2024.e30839",ok,75
PMC4751499,10.1038/srep21641,"Antibacterial synergic effect of honey from two stingless bees: Scaptotrigona bipunctata Lepeletier, 1836, and S. postica Latreille, 1807",Scientific Reports,2016,"Nishio, E. K.; Ribeiro, J. M.; Oliveira, A. G.; Andrade, C. G. T. J.; Proni, E. A.; Kobayashi, R. K. T.; Nakazato, G.","Nishio et al., 2016","Nishio, E.K., Ribeiro, J.M., Oliveira, A.G., Andrade, C.G.T.J., Proni, E.A., Kobayashi, R.K.T., Nakazato, G. (2016). Antibacterial synergic effect of honey from two stingless bees: Scaptotrigona bipunctata Lepeletier, 1836, and S. postica Latreille, 1807. Scientific Reports, 6(1), 21641. https://doi.org/10.1038/srep21641",ok,76
PMC9703798,10.1016/j.tcsw.2022.100090,Manuka honey in combination with azithromycin shows potential for improved activity against Mycobacterium abscessus,The Cell Surface,2022,"Nolan, Victoria C.; Harrison, James; Cox, Jonathan A.G.","Nolan et al., 2022","Nolan, V.C., Harrison, J., Cox, J.A. (2022). Manuka honey in combination with azithromycin shows potential for improved activity against Mycobacterium abscessus. The Cell Surface, 8, 100090. https://doi.org/10.1016/j.tcsw.2022.100090",ok,77
PMC8709083,10.3390/life11121311,"Bee Venom, Honey, and Royal Jelly in the Treatment of Bacterial Infections of the Oral Cavity: A Review",Life,2021,"Otręba, Michał; Marek, Łukasz; Tyczyńska, Natalia; Stojko, Jerzy; Rzepecka-Stojko, Anna","Otręba et al., 2021","Otręba, M., Marek, Ł., Tyczyńska, N., Stojko, J., Rzepecka-Stojko, A. (2021). Bee Venom, Honey, and Royal Jelly in the Treatment of Bacterial Infections of the Oral Cavity: A Review. Life, 11(12), 1311. https://doi.org/10.3390/life11121311",ok,78
PMC6977423,10.1002/fsn3.1320,In vitro antimicrobial activities of Saudi honeys originating from Ziziphus spina‐christi L. and Acacia gerrardii Benth. trees,Food Science & Nutrition,2019,"Owayss, Ayman A.; Elbanna, Khaled; Iqbal, Javaid; Abulreesh, Hussein H.; Organji, Sameer R.; Raweh, Hael S. A.; Alqarni, Abdulaziz S.","Owayss et al., 2019","Owayss, A.A., Elbanna, K., Iqbal, J., Abulreesh, H.H., Organji, S.R., Raweh, H.S.A., Alqarni, A.S. (2019). In vitro antimicrobial activities of Saudi honeys originating from Ziziphus spina‐christi L. and Acacia gerrardii Benth. trees. Food Science & Nutrition, 8(1), 390-401. https://doi.org/10.1002/fsn3.1320",ok,79
PMC9505312,10.3390/molecules27185850,"Determination of Chemical Compounds and Investigation of Biological Properties of Matricaria chamomilla Essential Oils, Honey, and Their Mixture",Molecules,2022,"Qasem, Ahmed; Assaggaf, Hamza; Montesano, Domenico; Khalil, Zineb; Al-Mijalli, Samiah Hamad; Baaboua, Aicha EL; El Omari, Nasreddine; El Menyiy, Naoual; Bakrim, Saad; Sheikh, Ryan A.; Alshahrani, Mohammed Merae; Awadh, Ahmed Abdullah Al; Zengin, Gokhan; Bouyahya, Abdelhakim; Mrabti, Hanae Naceiri","Qasem et al., 2022","Qasem, A., Assaggaf, H., Montesano, D., Khalil, Z., Al-Mijalli, S.H., Baaboua, A.E., El Omari, N., El Menyiy, N., Bakrim, S., Sheikh, R.A., Alshahrani, M.M., Awadh, A.A.A., Zengin, G., Bouyahya, A., Mrabti, H.N. (2022). Determination of Chemical Compounds and Investigation of Biological Properties of Matricaria chamomilla Essential Oils, Honey, and Their Mixture. Molecules, 27(18), 5850. https://doi.org/10.3390/molecules27185850",ok,80
PMC7719625,10.3389/fmicb.2020.605608,In vitro Evaluation of Medihoney Antibacterial Wound Gel as an Anti-biofilm Agent Against Ventricular Assist Device Driveline Infections,Frontiers in Microbiology,2020,"Qu, Yue; McGiffin, David; Kure, Christina; McLean, Janelle; Duncan, Courtney; Peleg, Anton Y.","Qu et al., 2020","Qu, Y., McGiffin, D., Kure, C., McLean, J., Duncan, C., Peleg, A.Y. (2020). In vitro Evaluation of Medihoney Antibacterial Wound Gel as an Anti-biofilm Agent Against Ventricular Assist Device Driveline Infections. Frontiers in Microbiology, 11, 605608. https://doi.org/10.3389/fmicb.2020.605608",ok,81
PMC8272120,10.3390/molecules26134007,Promising Antimicrobial Properties of Bioactive Compounds from Different Honeybee Products,Molecules,2021,"Ratajczak, Magdalena; Kaminska, Dorota; Matuszewska, Eliza; Hołderna-Kedzia, Elżbieta; Rogacki, Jarosław; Matysiak, Jan","Ratajczak et al., 2021","Ratajczak, M., Kaminska, D., Matuszewska, E., Hołderna-Kedzia, E., Rogacki, J., Matysiak, J. (2021). Promising Antimicrobial Properties of Bioactive Compounds from Different Honeybee Products. Molecules, 26(13), 4007. https://doi.org/10.3390/molecules26134007",ok,82
PMC11120828,10.3390/foods13101582,Unconventional Yeasts Isolated from Chilean Honey: A Probiotic and Phenotypic Characterization,Foods,2024,"Rodríguez Machado, Adrian; Caro, Camila Mella; Hurtado-Murillo, John J.; Gomes Lobo, Cristian J.; Zúñiga, Rommy N.; Franco, Wendy","Rodríguez Machado et al., 2024","Rodríguez Machado, A., Caro, C.M., Hurtado-Murillo, J.J., Gomes Lobo, C.J., Zúñiga, R.N., Franco, W. (2024). Unconventional Yeasts Isolated from Chilean Honey: A Probiotic and Phenotypic Characterization. Foods, 13(10), 1582. https://doi.org/10.3390/foods13101582",ok,83
PMC9219755,10.3390/antiox11061120,"Antioxidative, Antibacterial and Antiproliferative Properties of Honey Types from the Western Balkans",Antioxidants,2022,"Sakač, Marijana; Jovanov, Pavle; Marić, Aleksandar; Četojević-Simin, Dragana; Novaković, Aleksandra; Plavšić, Dragana; Škrobot, Dubravka; Kovač, Renata","Sakač et al., 2022","Sakač, M., Jovanov, P., Marić, A., Četojević-Simin, D., Novaković, A., Plavšić, D., Škrobot, D., Kovač, R. (2022). Antioxidative, Antibacterial and Antiproliferative Properties of Honey Types from the Western Balkans. Antioxidants, 11(6), 1120. https://doi.org/10.3390/antiox11061120",ok,84
PMC7396681,10.3389/fmicb.2020.01465,"In vitro Synergy of Polyphenolic Extracts From Honey, Myrtle and Pomegranate Against Oral Pathogens, S. mutans and R. dentocariosa",Frontiers in Microbiology,2020,"Sateriale, Daniela; Facchiano, Serena; Colicchio, Roberta; Pagliuca, Chiara; Varricchio, Ettore; Paolucci, Marina; Volpe, Maria Grazia; Salvatore, Paola; Pagliarulo, Caterina","Sateriale et al., 2020","Sateriale, D., Facchiano, S., Colicchio, R., Pagliuca, C., Varricchio, E., Paolucci, M., Volpe, M.G., Salvatore, P., Pagliarulo, C. (2020). In vitro Synergy of Polyphenolic Extracts From Honey, Myrtle and Pomegranate Against Oral Pathogens, S. mutans and R. dentocariosa. Frontiers in Microbiology, 11, 1465. https://doi.org/10.3389/fmicb.2020.01465",ok,85
PMC2942791,10.1186/1472-6882-10-47,"Comparison of the antimicrobial activity of Ulmo honey from Chile and Manuka honey against methicillin-resistant Staphylococcus aureus, Escherichia coli and Pseudomonas aeruginosa",BMC Complementary and Alternative Medicine,2010,"Sherlock, Orla; Dolan, Anthony; Athman, Rahma; Power, Alice; Gethin, Georgina; Cowman, Seamus; Humphreys, Hilary","Sherlock et al., 2010","Sherlock, O., Dolan, A., Athman, R., Power, A., Gethin, G., Cowman, S., Humphreys, H. (2010). Comparison of the antimicrobial activity of Ulmo honey from Chile and Manuka honey against methicillin-resistant Staphylococcus aureus, Escherichia coli and Pseudomonas aeruginosa. BMC Complementary and Alternative Medicine, 10(1), 47. https://doi.org/10.1186/1472-6882-10-47",ok,86
PMC6881396,10.1038/s41598-019-54217-8,Anti-biofilm effects and characterisation of the hydrogen peroxide activity of a range of Western Australian honeys compared to Manuka and multifloral honeys,Scientific Reports,2019,"Sindi, Azhar; Chawn, Moses Van Bawi; Hernandez, Magda Escorcia; Green, Kathryn; Islam, Md Khairul; Locher, Cornelia; Hammer, Katherine","Sindi et al., 2019","Sindi, A., Chawn, M.V.B., Hernandez, M.E., Green, K., Islam, M.K., Locher, C., Hammer, K. (2019). Anti-biofilm effects and characterisation of the hydrogen peroxide activity of a range of Western Australian honeys compared to Manuka and multifloral honeys. Scientific Reports, 9(1), 17666. https://doi.org/10.1038/s41598-019-54217-8",ok,87
PMC10215129,10.3390/antibiotics12050816,Antimicrobial and Antibiofilm Properties of Latvian Honey against Causative Agents of Wound Infections,Antibiotics,2023,"Skadiņš, Ingus; Labsvārds, Krišs Dāvids; Grava, Andra; Amirian, Jhaleh; Tomsone, Laura Elīna; Ruško, Jānis; Viksna, Arturs; Bandere, Dace; Brangule, Agnese","Skadiņš et al., 2023","Skadiņš, I., Labsvārds, K.D., Grava, A., Amirian, J., Tomsone, L.E., Ruško, J., Viksna, A., Bandere, D., Brangule, A. (2023). Antimicrobial and Antibiofilm Properties of Latvian Honey against Causative Agents of Wound Infections. Antibiotics, 12(5), 816. https://doi.org/10.3390/antibiotics12050816",ok,88
PMC6034916,10.3892/ijmm.2018.3656,Antibacterial and antioxidant activity of different types of honey derived from Mount Olympus in Greece,International Journal of Molecular Medicine,2018,"Stagos, Dimitrios; Soulitsiotis, Nikolaos; Tsadila, Christina; Papaeconomou, Stamatina; Arvanitis, Charalampos; Ntontos, Alexandros; Karkanta, Fani; Adamou‑Androulaki, Soultana; Petrotos, Konstantinos; Spandidos, Demetrios; Kouretas, Demetrios; Mossialos, Dimitris","Stagos et al., 2018","Stagos, D., Soulitsiotis, N., Tsadila, C., Papaeconomou, S., Arvanitis, C., Ntontos, A., Karkanta, F., Adamou‑Androulaki, S., Petrotos, K., Spandidos, D., Kouretas, D., Mossialos, D. (2018). Antibacterial and antioxidant activity of different types of honey derived from Mount Olympus in Greece. International Journal of Molecular Medicine. https://doi.org/10.3892/ijmm.2018.3656",ok,89
PMC8944737,10.3390/antibiotics11030422,Antimicrobial Evaluation of Various Honey Types against Carbapenemase-Producing Gram-Negative Clinical Isolates,Antibiotics,2022,"Stavropoulou, Elisavet; Voidarou, Chrysoula (Chrysa); Rozos, Georgios; Vaou, Natalia; Bardanis, Michael; Konstantinidis, Theodoros; Vrioni, Georgia; Tsakris, Athanasios","Stavropoulou et al., 2022","Stavropoulou, E., Voidarou, C.(., Rozos, G., Vaou, N., Bardanis, M., Konstantinidis, T., Vrioni, G., Tsakris, A. (2022). Antimicrobial Evaluation of Various Honey Types against Carbapenemase-Producing Gram-Negative Clinical Isolates. Antibiotics, 11(3), 422. https://doi.org/10.3390/antibiotics11030422",ok,90
PMC13514261,10.3390/life16081366,"The Effect of Temperature Variations on the 5-Hydroxymethylfurfural Content, Antioxidant and Antimicrobial Properties of Honey",Life,2026,"Suwannapong, Guntima; Benbow, Mark Eric; Ponkit, Rujira; Boonsriwong, Worachote; Naree, Sanchai","Suwannapong et al., 2026","Suwannapong, G., Benbow, M.E., Ponkit, R., Boonsriwong, W., Naree, S. (2026). The Effect of Temperature Variations on the 5-Hydroxymethylfurfural Content, Antioxidant and Antimicrobial Properties of Honey. Life, 16(8), 1366. https://doi.org/10.3390/life16081366",ok,91
PMC12751895,10.1186/s12906-025-05171-8,Combined effects of honey and silver nanoparticles on wound healing in human dermal fibroblast cells,BMC Complementary Medicine and Therapies,2025,"Taherpour, Azadeh; Mirzavi, Farshad; Shafaei, Ebrahim; Zarban, Asghar; Shakibaie, Mehdi","Taherpour et al., 2025","Taherpour, A., Mirzavi, F., Shafaei, E., Zarban, A., Shakibaie, M. (2025). Combined effects of honey and silver nanoparticles on wound healing in human dermal fibroblast cells. BMC Complementary Medicine and Therapies, 25(1), 446. https://doi.org/10.1186/s12906-025-05171-8",ok,92
PMC10211265,10.3389/fnut.2023.1181492,Antioxidant and antibacterial activity of Apis laboriosa honey against Salmonella enterica serovar Typhimurium,Frontiers in Nutrition,2023,"Tan, Weihua; Tian, Yuanyuan; Zhang, Qingya; Miao, Siwei; Wu, Wenrong; Miao, Xiaoqing; Kuang, Haiou; Yang, Wenchao","Tan et al., 2023","Tan, W., Tian, Y., Zhang, Q., Miao, S., Wu, W., Miao, X., Kuang, H., Yang, W. (2023). Antioxidant and antibacterial activity of Apis laboriosa honey against Salmonella enterica serovar Typhimurium. Frontiers in Nutrition, 10, 1181492. https://doi.org/10.3389/fnut.2023.1181492",ok,93
PMC11941359,10.3390/foods14060995,"Physicochemical Characteristics, Antioxidant Capacity, and Antimicrobial Activity of Stingless Bee Honey from Malaysia: Heterotrigona itama, Lophotrigona canifrons, and Tetrigona binghami",Foods,2025,"Tiang, En Ruth; Han, Lingyun; Hu, Fuliang","Tiang et al., 2025","Tiang, E.R., Han, L., Hu, F. (2025). Physicochemical Characteristics, Antioxidant Capacity, and Antimicrobial Activity of Stingless Bee Honey from Malaysia: Heterotrigona itama, Lophotrigona canifrons, and Tetrigona binghami. Foods, 14(6), 995. https://doi.org/10.3390/foods14060995",ok,94
PMC8997407,10.3390/foods11070943,Physicochemical Characterization and Biological Properties of Pine Honey Produced across Greece,Foods,2022,"Tsavea, Eleni; Vardaka, Fotini-Paraskevi; Savvidaki, Elisavet; Kellil, Abdessamie; Kanelis, Dimitrios; Bucekova, Marcela; Grigorakis, Spyros; Godocikova, Jana; Gotsiou, Panagiota; Dimou, Maria; Loupassaki, Sophia; Remoundou, Ilektra; Tsadila, Christina; Dimitriou, Tilemachos G.; Majtan, Juraj; Tananaki, Chrysoula; Alissandrakis, Eleftherios; Mossialos, Dimitris","Tsavea et al., 2022","Tsavea, E., Vardaka, F., Savvidaki, E., Kellil, A., Kanelis, D., Bucekova, M., Grigorakis, S., Godocikova, J., Gotsiou, P., Dimou, M., Loupassaki, S., Remoundou, I., Tsadila, C., Dimitriou, T.G., Majtan, J., Tananaki, C., Alissandrakis, E., Mossialos, D. (2022). Physicochemical Characterization and Biological Properties of Pine Honey Produced across Greece. Foods, 11(7), 943. https://doi.org/10.3390/foods11070943",ok,95
PMC8307090,10.3390/foods10071568,In Vitro Screening Potential Antibacterial Properties of the Greek Oregano Honey against Clinical Isolates of Helicobacter pylori,Foods,2021,"Voidarou, Chrysoula (Chrysa); Rozos, Georgios; Alexopoulos, Athanasios; Plessas, Stavros; Mantzourani, Ioanna; Stavropoulou, Elisavet; Tzora, Athina; Bezirtzoglou, Eugenia","Voidarou et al., 2021","Voidarou, C.(., Rozos, G., Alexopoulos, A., Plessas, S., Mantzourani, I., Stavropoulou, E., Tzora, A., Bezirtzoglou, E. (2021). In Vitro Screening Potential Antibacterial Properties of the Greek Oregano Honey against Clinical Isolates of Helicobacter pylori. Foods, 10(7), 1568. https://doi.org/10.3390/foods10071568",ok,96
PMC4783026,10.1371/journal.pone.0150984,Effects of Selected Egyptian Honeys on the Cellular Ultrastructure and the Gene Expression Profile of Escherichia coli,PLOS ONE,2016,"Wasfi, Reham; Elkhatib, Walid F.; Khairalla, Ahmed S.","Wasfi et al., 2016","Wasfi, R., Elkhatib, W.F., Khairalla, A.S. (2016). Effects of Selected Egyptian Honeys on the Cellular Ultrastructure and the Gene Expression Profile of Escherichia coli. PLOS ONE, 11(3), e0150984. https://doi.org/10.1371/journal.pone.0150984",ok,97
PMC4919268,10.1186/s40064-016-2493-x,"Evaluation of antibacterial activity of honey against multidrug resistant bacteria in Ayder Referral and Teaching Hospital, Northern Ethiopia",SpringerPlus,2016,"Wasihun, Araya Gebereyesus; Kasa, Berhe Gebreslassie","Wasihun and Kasa, 2016","Wasihun, A.G., Kasa, B.G. (2016). Evaluation of antibacterial activity of honey against multidrug resistant bacteria in Ayder Referral and Teaching Hospital, Northern Ethiopia. SpringerPlus, 5(1), 842. https://doi.org/10.1186/s40064-016-2493-x",ok,98
PMC3716576,10.1186/1472-6882-13-129,Antibacterial activity of selected Malaysian honey,BMC Complementary and Alternative Medicine,2013,"Zainol, Mohd Izwan; Mohd Yusoff, Kamaruddin; Mohd Yusof, Mohd Yasim","Zainol et al., 2013","Zainol, M.I., Mohd Yusoff, K., Mohd Yusof, M.Y. (2013). Antibacterial activity of selected Malaysian honey. BMC Complementary and Alternative Medicine, 13(1), 129. https://doi.org/10.1186/1472-6882-13-129",ok,99
PMC8125924,10.3390/molecules26092778,Chemical Analyses and Antimicrobial Activity of Nine Kinds of Unifloral Chinese Honeys Compared to Manuka Honey (12+ and 20+),Molecules,2021,"Zhang, Yan-Zheng; Si, Juan-Juan; Li, Shan-Shan; Zhang, Guo-Zhi; Wang, Shuai; Zheng, Huo-Qing; Hu, Fu-Liang","Zhang et al., 2021","Zhang, Y., Si, J., Li, S., Zhang, G., Wang, S., Zheng, H., Hu, F. (2021). Chemical Analyses and Antimicrobial Activity of Nine Kinds of Unifloral Chinese Honeys Compared to Manuka Honey (12+ and 20+). Molecules, 26(9), 2778. https://doi.org/10.3390/molecules26092778",ok,100
PMC4206207,10.2147/DHPS.S66496,Evaluation of bactericidal activity of Hannon honey on slowly growing bacteria in the chemostat,"Drug, Healthcare and Patient Safety",2014,"Zorgani, Abdulaziz; Sufya, Najib; Matar, Noora; Kaddura, Rawanda","Zorgani et al., 2014","Zorgani, A., Sufya, N., Matar, N., Kaddura, R. (2014). Evaluation of bactericidal activity of Hannon honey on slowly growing bacteria in the chemostat. Drug, Healthcare and Patient Safety, 139. https://doi.org/10.2147/DHPS.S66496",ok,101
PMC11851655,10.3390/antibiotics14020146,Synergistic Antibiofilm Effects of Chestnut and Linden Honey with Lavender Essential Oil Against Multidrug-Resistant Otitis Media Pathogens,Antibiotics,2025,"Ángyán, Virág D.; Balázs, Viktória L.; Kocsis, Marianna; Kocsis, Béla; Horváth, Györgyi; Farkas, Ágnes; Nagy-Radványi, Lilla","Ángyán et al., 2025","Ángyán, V.D., Balázs, V.L., Kocsis, M., Kocsis, B., Horváth, G., Farkas, Á., Nagy-Radványi, L. (2025). Synergistic Antibiofilm Effects of Chestnut and Linden Honey with Lavender Essential Oil Against Multidrug-Resistant Otitis Media Pathogens. Antibiotics, 14(2), 146. https://doi.org/10.3390/antibiotics14020146",ok,102
PMC11858134,10.3390/molecules30040919,"Influence of Season, Hive Position, Extraction Method and Storage Temperature on Polyphenols and Antioxidant Activity of Croatian Honey",Molecules,2025,"Šola, Ivana; Vujčić Bok, Valerija; Fabijanić, Ivana; Jablan, Jasna; Borgese, Laura; Humski, Andrea; Mikulić, Marina; Sanković, Krešimir; Franić, Zdenko; Rusak, Gordana","Šola et al., 2025","Šola, I., Vujčić Bok, V., Fabijanić, I., Jablan, J., Borgese, L., Humski, A., Mikulić, M., Sanković, K., Franić, Z., Rusak, G. (2025). Influence of Season, Hive Position, Extraction Method and Storage Temperature on Polyphenols and Antioxidant Activity of Croatian Honey. Molecules, 30(4), 919. https://doi.org/10.3390/molecules30040919",ok,103
