Peak,R.T. (min.),[M-H]− or [M-H]+ (m/z),MW,Formula,Area,Compound
1,1.28,169.0916,170.0215,C7H6O5,5.40 × 104,Gallic acid
2,2.18,289.0711,290.0790,C15H14O6,2.50 × 104,Catechin
3,2.38,179.0351,180.0422,C9H8O4,8.60 × 104,Caffeic acid
4,3.50,193.0502,194.0579,C10H10O4,8.10 × 104,Ferulic acid
5,3.97,165.0554,164.0473,C9H8O3,5.40 × 104,2-coumaric acid
6,5.75,163.0243,164.0473,C9H8O,3.90 × 104,p-coumaric acid
7,6.60,229.0675,228.0786,C14H12O3,2.20 × 104,Resveratrol
8,9.48,609.0450,610.5000,C27H30O16,3.90 × 106,Rutin
9,9.51,257.0805,256.0735,C15H12O4,2.60 × 105,Liquiritigenin
10,10.30,303.0503,302.0426,C15H10O7,8.40 × 104,Quercetin
11,10.70,273.0624,272.0684,C15H12O5,1.10 × 105,Naringenin
12,13.68,272.0650,272.0684,C15H12O5,1.00 × 107,Pinobanksin
13,13.70,285.0296,286.0477,C15H10O6,1.30 × 104,Luteolin
14,14.37,285.0296,286.0477,C15H10O6,3.20 × 105,Kaempferol
15,16.30,287.0575,288.0633,C15H12O6,9.3 × 105,Aromadendrin
16,17.86,255.0809,256.0735,C15H12O4,1.90 × 108,Pinocembrin
17,19.10,313.0731,314.0790,C17H14O6,3.1 × 105,Pinobanksin-3-O-acetate
18,20.30,255.0517,254.0579,C15H10O4,2.20 × 105,Chrysin
19,21.90,269.0464,270.0528,C15H14O5,6.2 × 107,Galangin
20,25.97,271.099,270.2800,C16H14O4,1.2 × 108,Pinostrobin
21,30.40,301.142,300.1725,C19H24O3,9.3 × 107,Artepillin C
