source,query_or_id,url,retrieved_utc,file,bytes,sha256,license,notes
pubmed,honey dilution antibacterial,https://eutils.ncbi.nlm.nih.gov/entrez/eutils/esearch.fcgi?db=pubmed&retmax=200&retmode=json&term=%28honey%20dilution%20antibacterial%29%20AND%20%28honey%5BTitle/Abstract%5D%20OR%20honey%5BMeSH%20Terms%5D%29,2026-09-26T02:20:52.877233+00:00,data/raw/search/pubmed_esearch__honey_dilution_antibacterial.json,3725,9168a288cb181a0bb5d9bcde332964622f92b85e83ced334a9f4a8fcdc8c4466,public API response (metadata),
pubmed,honey dilution antibacterial,"https://eutils.ncbi.nlm.nih.gov/entrez/eutils/esummary.fcgi?db=pubmed&retmode=json&id=42648832,42385340,42134014,41517090,41105045,39413813,39109942,38944352,38823143,38818153,38744770,38672776,38221891,38032067,37906561,37391964,36720110,36715199,36364353,36364211,36297324,36210022,36139943,36069786,35941249,35890390,35731546,35326885,35092131,34249263,33830141,33569893,33157353,33077785,32741917,31993165,31920309,31874231,31834677,31794675,31345195,31303818,31073310,30245913,29759239,29652864,29569291,29536274,29373742,29276503,29226698,28795889,28794506,28763988,28292167,27899063,27672214,27504886,27386291,27003970,26933907,26920300,26878302,26364634,26149083,26061489,25880671,25704696,25680398,25504003,25423113,25302263,25290082,25277102,25269264,25102696,24969731,24884949,23724198,23684665,23651562,23505365,23378165,23278378,23136543,23049822,23043914,23036845,22754244,22382468,22088167,22038612,21742117,21567950,21524711,21498134,21394912,21394213,21195787,20882522,20718433,20558231,20391769,19811569,19754926,19610392,19602861,19481129,19308800,18818958,18790119,18627601,18585209,18459433,18371976,18210383,18078314,21499488,17702261,17540520,17532737,21991066,17228793,21991052,17165533,21748138,16963460,16784542,16729666,16640310,16574136,16544883,16169624,16099322,15951867,15941774,15645470,15527912,15456545,14661747,12804080,12432313,12173656,11485891,11460793,10472280,10455629,7905406,30959671",2026-09-26T02:20:52.877233+00:00,data/raw/search/pubmed_esummary__honey_dilution_antibacterial.json,277000,9adae5175039a7daa766e4352b2cd19f75134fe9f56913edfde1777eeebcca38,public API response (metadata),
pubmed,honey concentration antibacterial,https://eutils.ncbi.nlm.nih.gov/entrez/eutils/esearch.fcgi?db=pubmed&retmax=200&retmode=json&term=%28honey%20concentration%20antibacterial%29%20AND%20%28honey%5BTitle/Abstract%5D%20OR%20honey%5BMeSH%20Terms%5D%29,2026-09-26T02:20:52.877233+00:00,data/raw/search/pubmed_esearch__honey_concentration_antibacterial.json,3858,1ed7ba878d231c84c1d393fdc479a8f78061d9c52c5bffad59fd26b243f3262d,public API response (metadata),
pubmed,honey concentration antibacterial,"https://eutils.ncbi.nlm.nih.gov/entrez/eutils/esummary.fcgi?db=pubmed&retmode=json&id=42738708,42610904,42578632,42530864,42515076,42461430,42437770,42428714,42341007,42320161,42314481,42215924,42171223,42137682,42134014,42115218,42062797,41976104,41963586,41818843,41799253,41795532,41758684,41724608,41629823,41605080,41559234,41534807,41517090,41463762,41447893,41302513,41229077,41227568,41149407,41146522,41105045,41034295,41000474,40942296,40940367,40887266,40855473,40848407,40831227,40828620,40794206,40764737,40712417,40710718,40613476,40582325,40558182,40543393,40505534,40482479,40411780,40394023,40354286,40351133,40298625,40179685,40146163,40095149,40011245,40005232,40001390,39910223,39905465,39905375,39858289,39812909,39794477,39760010,39753078,39732871,39732745,39718948,39694281,39673082,39662607,39657741,42040030,39643315,39616761,39597697,39571898,39496845,39413813,39340838,39287337,39218463,39126070,39118572,39109942,39099184,39094530,39090987,39057687,38996893,38968710,38947342,38944352,38928296,38822546,38794130,38776281,38744770,38743750,38735243,38731715,38702397,38638050,38637033,38631420,38615527,38613443,38611866,38609241,38601605,38584359,38534690,38502862,38455958,38363372,38323472,38187267,38116889,38055248,38039152,38031781,37998967,37992598,37989931,37968896,37928190,37906561,37813087,37796058,37791895,37784205,37765148,37764280,37754871,37718682,37705301,37599591,37535823,37505452,37455634,37435775,37417314,37391964,37376233,37311612,37252390,37252242,37232866,37232859,37191027,37139986,37110183,37107465,37069905,37015242,37004239,36985734,36921364,36900615,36892790,36846103,36839728,36838474,36830146,36771391,36755237,36747234,36722858,36720110,36715199,36708999,36708105,36701999,36701914,36660937,39749222,38321668,36501550,36416996,36386691,36364211,36363515,36297324,36281652,36250022,36235073,36233331,36210022,36174808,36139961",2026-09-26T02:20:52.877233+00:00,data/raw/search/pubmed_esummary__honey_concentration_antibacterial.json,408324,005db040b884347ae76f1b96cd6bad2dde6935efc1a1457806724fd0806801cd,public API response (metadata),
pubmed,honey hydrogen peroxide dilution,https://eutils.ncbi.nlm.nih.gov/entrez/eutils/esearch.fcgi?db=pubmed&retmax=200&retmode=json&term=%28honey%20hydrogen%20peroxide%20dilution%29%20AND%20%28honey%5BTitle/Abstract%5D%20OR%20honey%5BMeSH%20Terms%5D%29,2026-09-26T02:20:52.877233+00:00,data/raw/search/pubmed_esearch__honey_hydrogen_peroxide_dilution.json,2165,85658878ad822c762e0bd3f90acfd1cf5149336b568759985c7295c16274e350,public API response (metadata),
pubmed,honey hydrogen peroxide dilution,"https://eutils.ncbi.nlm.nih.gov/entrez/eutils/esummary.fcgi?db=pubmed&retmode=json&id=42382736,41548164,41158688,41114885,38744770,37906561,37836175,36598452,35326885,34834678,33920494,33077785,32974499,31345195,28795889,28794506,28763988,26878302,26364634,26061489,25880671,25423113,25038697,24969731,23684665,21394213,18969213,17723471,17661489,16966810,16963460,16104775,15527912,12804080,10472280,10455629,10080135,30959671",2026-09-26T02:20:52.877233+00:00,data/raw/search/pubmed_esummary__honey_hydrogen_peroxide_dilution.json,73152,c71f967927b114bcb1c75658d7341670a16d16938e48d243fe368e5445ae9130,public API response (metadata),
pubmed,honey glucose oxidase dilution,https://eutils.ncbi.nlm.nih.gov/entrez/eutils/esearch.fcgi?db=pubmed&retmax=200&retmode=json&term=%28honey%20glucose%20oxidase%20dilution%29%20AND%20%28honey%5BTitle/Abstract%5D%20OR%20honey%5BMeSH%20Terms%5D%29,2026-09-26T02:20:52.877233+00:00,data/raw/search/pubmed_esearch__honey_glucose_oxidase_dilution.json,1804,e6d0be016d37f9e97e98251209f2c50593f2e3149f4b9a56e49e7b19b61bb972,public API response (metadata),
pubmed,honey glucose oxidase dilution,"https://eutils.ncbi.nlm.nih.gov/entrez/eutils/esummary.fcgi?db=pubmed&retmode=json&id=37906561,33569893,32974499,24969731,17723471,12804080,30959671",2026-09-26T02:20:52.877233+00:00,data/raw/search/pubmed_esummary__honey_glucose_oxidase_dilution.json,12587,d0ce5565c6fcdd16af94b9a3c6f6e6a060450777e385a21f80471dbdaaf1f92d,public API response (metadata),
pubmed,honey catalase antibacterial,https://eutils.ncbi.nlm.nih.gov/entrez/eutils/esearch.fcgi?db=pubmed&retmax=200&retmode=json&term=%28honey%20catalase%20antibacterial%29%20AND%20%28honey%5BTitle/Abstract%5D%20OR%20honey%5BMeSH%20Terms%5D%29,2026-09-26T02:20:52.877233+00:00,data/raw/search/pubmed_esearch__honey_catalase_antibacterial.json,2164,2903d6d59c7e177b74a0a91eb7e897de349fd684986f8d08e739970cfe22e329,public API response (metadata),
pubmed,honey catalase antibacterial,"https://eutils.ncbi.nlm.nih.gov/entrez/eutils/esummary.fcgi?db=pubmed&retmode=json&id=41386824,39753840,38744770,38731715,37998842,37906561,36347201,36312784,35407030,35326885,34867041,34189137,34151153,33828385,33077785,32806934,32102181,31776432,31584691,31345195,31010070,29899462,29569291,29478286,29382105,28426165,27785532,27516083,26954570,26364634,26061489,25880671,23304790,23134461,22991325,25683403,22347223,22046173,17569289,17473892,12632976,11603859,10472280,1687577",2026-09-26T02:20:52.877233+00:00,data/raw/search/pubmed_esummary__honey_catalase_antibacterial.json,83537,450e754c85e1e552f709078e46234ad391513418d28a83ab9039c905058edef5,public API response (metadata),
pubmed,artificial honey antibacterial,https://eutils.ncbi.nlm.nih.gov/entrez/eutils/esearch.fcgi?db=pubmed&retmax=200&retmode=json&term=%28artificial%20honey%20antibacterial%29%20AND%20%28honey%5BTitle/Abstract%5D%20OR%20honey%5BMeSH%20Terms%5D%29,2026-09-26T02:20:52.877233+00:00,data/raw/search/pubmed_esearch__artificial_honey_antibacterial.json,2003,a0f146bfde066919b5fe42fff9a47d0a2f4c7593111be57caf9f34df80688832,public API response (metadata),
pubmed,artificial honey antibacterial,"https://eutils.ncbi.nlm.nih.gov/entrez/eutils/esummary.fcgi?db=pubmed&retmode=json&id=42721122,42619423,42341007,42280166,41780457,41727556,41406748,40412948,40011245,39812909,39718948,39571898,39279530,39237556,39103063,38996893,38931428,38796929,38219368,37998842,37906561,37238799,36985830,36900615,36028794,35890390,35868137,35423727,34756969,34637621,34439035,35423678,33296391,32916880,32178659,31800608,30186278,28292167,28174146,26390910,26365614,24811851,24192110,23799099,22234784,22038612,21903658,21165664,20813024,19831033,19813035,19811569,16517528,15857217,12392533,11448125",2026-09-26T02:20:52.877233+00:00,data/raw/search/pubmed_esummary__artificial_honey_antibacterial.json,108178,4157e1e46612e9e56a684bb5e4b241ee242b058786c7e23337b337fc89c31d67,public API response (metadata),
pubmed,sugar equivalent honey antibacterial,https://eutils.ncbi.nlm.nih.gov/entrez/eutils/esearch.fcgi?db=pubmed&retmax=200&retmode=json&term=%28sugar%20equivalent%20honey%20antibacterial%29%20AND%20%28honey%5BTitle/Abstract%5D%20OR%20honey%5BMeSH%20Terms%5D%29,2026-09-26T02:20:52.877233+00:00,data/raw/search/pubmed_esearch__sugar_equivalent_honey_antibacterial.json,2183,4e5e241331514b61f7e9907f4de6b7cbe303f6f63a062d6fa1665b5990cafc16,public API response (metadata),
pubmed,sugar equivalent honey antibacterial,"https://eutils.ncbi.nlm.nih.gov/entrez/eutils/esummary.fcgi?db=pubmed&retmode=json&id=38938191,32248421,32178659,30186278,24007486,22866051,21165664,20228250,15527912,10435339,6475343",2026-09-26T02:20:52.877233+00:00,data/raw/search/pubmed_esummary__sugar_equivalent_honey_antibacterial.json,19469,85dc4a8c052f73ef0513ca9aa0022e8ba4562db67558554ca550e1dde75df2af,public API response (metadata),
pubmed,honey water activity antibacterial,https://eutils.ncbi.nlm.nih.gov/entrez/eutils/esearch.fcgi?db=pubmed&retmax=200&retmode=json&term=%28honey%20water%20activity%20antibacterial%29%20AND%20%28honey%5BTitle/Abstract%5D%20OR%20honey%5BMeSH%20Terms%5D%29,2026-09-26T02:20:52.877233+00:00,data/raw/search/pubmed_esearch__honey_water_activity_antibacterial.json,4195,a1959891affbdf174f8e2eae2a139e045022a1717d398fa59c02684efd80eb8d,public API response (metadata),
pubmed,honey water activity antibacterial,"https://eutils.ncbi.nlm.nih.gov/entrez/eutils/esummary.fcgi?db=pubmed&retmode=json&id=42648840,42640378,42580070,42515076,42354050,42105541,42091062,42067302,41866396,41830577,41780457,41723992,41559234,41527948,41472670,41389889,41227568,41159286,41159072,41149407,41002310,40965754,40946475,40480142,40456903,40403571,40224462,40121326,39662607,39643200,39594488,39427617,39393580,39125604,39109942,39057687,38947342,38776281,38743750,38731715,38584359,37623126,37514474,37191027,37107465,36826871,36364353,36264478,36235073,36233331,36033555,36002744,35731546,35653619,35650728,35568151,35396746,35335235,35316809,34869257,34853948,34632986,34338341,34246058,34204325,34194092,34121874,33627825,32741917,32615903,32161764,32053084,31993165,31920309,31349428,31345195,31005692,30248422,30223435,30186278,30018636,29578463,29300875,28779102,28386534,28290363,27241899,26693829,26594206,26521521,25880671,25817652,25704684,23998014,23665479,22948516,22754244,22133067,21317945,22432560,19831033,18210383,16723116,15861897,15527912,11603859,11485891,10563816,6475343",2026-09-26T02:20:52.877233+00:00,data/raw/search/pubmed_esummary__honey_water_activity_antibacterial.json,216300,d77346eeb6f80b8c547d8eb19736fd7dde65e1ebe464be16d39841b2b0a003d0,public API response (metadata),
pubmed,honey methylglyoxal MIC,https://eutils.ncbi.nlm.nih.gov/entrez/eutils/esearch.fcgi?db=pubmed&retmax=200&retmode=json&term=%28honey%20methylglyoxal%20MIC%29%20AND%20%28honey%5BTitle/Abstract%5D%20OR%20honey%5BMeSH%20Terms%5D%29,2026-09-26T02:20:52.877233+00:00,data/raw/search/pubmed_esearch__honey_methylglyoxal_MIC.json,1076,4b13358d1eaf2e2714d312960f29fd78056e632c954628a43dafcb08405077c5,public API response (metadata),
pubmed,honey methylglyoxal MIC,"https://eutils.ncbi.nlm.nih.gov/entrez/eutils/esummary.fcgi?db=pubmed&retmode=json&id=42578632,39858289,38674722,39749222,33050172,31652284,29354709,28813014,28417271,26986806,18210383",2026-09-26T02:20:52.877233+00:00,data/raw/search/pubmed_esummary__honey_methylglyoxal_MIC.json,21730,79245c725901dbcd4870810e16419634ecbccf559d0b1c5549be95ec1ba7ee33,public API response (metadata),
pubmed,honey physicochemical antibacterial,https://eutils.ncbi.nlm.nih.gov/entrez/eutils/esearch.fcgi?db=pubmed&retmax=200&retmode=json&term=%28honey%20physicochemical%20antibacterial%29%20AND%20%28honey%5BTitle/Abstract%5D%20OR%20honey%5BMeSH%20Terms%5D%29,2026-09-26T02:20:52.877233+00:00,data/raw/search/pubmed_esearch__honey_physicochemical_antibacterial.json,2762,783ccad086bc0636ec7cc0d516c16d2e4a9d28f76f6f02ff95f1abf27c7bf863,public API response (metadata),
pubmed,honey physicochemical antibacterial,"https://eutils.ncbi.nlm.nih.gov/entrez/eutils/esummary.fcgi?db=pubmed&retmode=json&id=42491927,42461430,42428714,42354050,42215924,42062797,41830577,41723992,41517090,41477316,41389889,41386086,41227568,41225893,41149407,41105045,41009866,40942296,40855473,40743730,40647128,40632713,40480142,40001390,39910223,39905465,39760010,39732871,39718948,39694281,39657741,39407497,39303474,39237556,39057687,38996893,38928296,38743750,38702397,38667044,38338550,37968896,37906561,37623126,37569199,37505452,37252242,37107465,37103134,36830249,36830053,36771391,36670896,36557628,36432425,36233331,36154047,36010388,35901185,35888017,35740017,35727940,35630557,35423727,35407030,35396746,35326885,34842756,34756969,34626076,34606549,34430875,34366459,34362865,34338341,34299335,34249263,34194092,34121431,33569893,33373219,33233581,33126464,33100868,32916880,32777570,32619025,32419836,32248421,32209372,32161917,32099925,31963907,31956682,31284956,30949493,30259321,29736180,29472785,29292984,29037722,28992516,28844300,28763988,28532035,28426165,27785532,27440492,26594206,26364634,26317173,22948516,21464891,22432560,19831033,12439453",2026-09-26T02:20:52.877233+00:00,data/raw/search/pubmed_esummary__honey_physicochemical_antibacterial.json,237485,132803ad53ce9b0b73572629fe8690324759996a84e0cafe99ed79df872d3f63,public API response (metadata),
pubmed,medical grade honey concentration antibacterial,https://eutils.ncbi.nlm.nih.gov/entrez/eutils/esearch.fcgi?db=pubmed&retmax=200&retmode=json&term=%28medical%20grade%20honey%20concentration%20antibacterial%29%20AND%20%28honey%5BTitle/Abstract%5D%20OR%20honey%5BMeSH%20Terms%5D%29,2026-09-26T02:20:52.877233+00:00,data/raw/search/pubmed_esearch__medical_grade_honey_concentration_antibacterial.json,3677,f9442accf5db8dd3afb02df8d36e6714a1cdbdde89ad6fcb20058b09058d487c,public API response (metadata),
pubmed,medical grade honey concentration antibacterial,"https://eutils.ncbi.nlm.nih.gov/entrez/eutils/esummary.fcgi?db=pubmed&retmode=json&id=42578632,41799253,41758684,39905465,39413813,37906561,37784205,37435775,36233331,34867041,34025770,32801179,31808237,30018636,29375518,28062458,28030589,25856165,25159357,24884949,24305429,24192110,23418472,21394213,20228250,19513768,18627601",2026-09-26T02:20:52.877233+00:00,data/raw/search/pubmed_esummary__medical_grade_honey_concentration_antibacterial.json,52716,c25bb0137dc1ba36ca2b0a237e265a39a013bcacb2499569ece2c82ebbd841d6,public API response (metadata),
pubmed,manuka honey dilution hydrogen peroxide,https://eutils.ncbi.nlm.nih.gov/entrez/eutils/esearch.fcgi?db=pubmed&retmax=200&retmode=json&term=%28manuka%20honey%20dilution%20hydrogen%20peroxide%29%20AND%20%28honey%5BTitle/Abstract%5D%20OR%20honey%5BMeSH%20Terms%5D%29,2026-09-26T02:20:52.877233+00:00,data/raw/search/pubmed_esearch__manuka_honey_dilution_hydrogen_peroxide.json,1917,4c23bb039fde6181c08ab8364646967a7d51b999b30429bcfb1dabec2ef729fe,public API response (metadata),
pubmed,manuka honey dilution hydrogen peroxide,"https://eutils.ncbi.nlm.nih.gov/entrez/eutils/esummary.fcgi?db=pubmed&retmode=json&id=42382736,37906561,35326885,31345195,26878302,26364634,26061489,25880671,21394213,16963460,15527912,10472280,10455629",2026-09-26T02:20:52.877233+00:00,data/raw/search/pubmed_esummary__manuka_honey_dilution_hydrogen_peroxide.json,24237,864b0f2d38f7fb74e870503c608f1802db36f8fe5496f6f2c60e38ffb1de6ba4,public API response (metadata),
pubmed,honey minimum inhibitory concentration bacteria,https://eutils.ncbi.nlm.nih.gov/entrez/eutils/esearch.fcgi?db=pubmed&retmax=200&retmode=json&term=%28honey%20minimum%20inhibitory%20concentration%20bacteria%29%20AND%20%28honey%5BTitle/Abstract%5D%20OR%20honey%5BMeSH%20Terms%5D%29,2026-09-26T02:20:52.877233+00:00,data/raw/search/pubmed_esearch__honey_minimum_inhibitory_concentration_bacteria.json,3857,42c07ef013c7da7031df29e3a84e73b4abb19435ea05beac03c83379b3baafb9,public API response (metadata),
pubmed,honey minimum inhibitory concentration bacteria,"https://eutils.ncbi.nlm.nih.gov/entrez/eutils/esummary.fcgi?db=pubmed&retmode=json&id=42738708,42737744,42721122,42617823,42578632,42563159,42515076,42461430,42437770,42280166,42215924,42214570,42134014,42123813,42115218,41976104,41963586,41917207,41832651,41731922,41534807,41463762,41385265,41229077,41146522,41105045,41034295,40940367,40764737,40725056,40632713,40397496,40394023,40354286,40146163,40032917,39942719,39910223,39909362,39905465,39904405,39858289,39753840,39732871,39718948,39694281,39616761,39571898,39549521,39413813,39240307,39218463,39125604,39118572,39109942,39099184,39001699,38944352,38928296,38888300,38868298,38822546,38744770,38743750,38702397,38638050,38601605,38574917,38473161,38463856,38455958,38031781,37906561,37791895,37705301,37665371,37391964,37241876,36996100,36985734,36892790,36838474,36767825,36658323,36566824,36364353,36364211,36297324,36290087,36280608,36235073,36233331,36210022,36154047,36139961,36069786,36033555,36028831,36028794,36010001,35911104,35868137,35765547,35752262,35421436,35393467,35349126,35326885,35322896,35239153,35209088,35097108,35092131,34971500,34968060,34930218,34867041,34589300,34546384,34448426,34247044,34216360,34209107,34171261,34161121,34118757,34066799,34065282,33830141,33802916,33728273,33627825,33476953,33384897,33296391,33267984,33255058,33233581,33157353,33151599,33077785,33036497,32974924,32937902,32884418,32777570,32567254,32268322,32182836,32180623,32178659,32164305,32157464,32102181,32053084,32014663,31977042,31920309,31874231,31808237,31796803,31796774,31782867,31776432,31652284,31584691,31516358,31499959,31396680,31357646,31345195,31321751,31298661,31190810,31167717,31073310,31010070,30858831,30676313,30584935,30223435,30150182,30100443,30047542,29903005,29899462,29749429,29652864,29587897,29575121,29569291,29536274,29478286,29373742,29354709,29348094,29295525,29282877,29232982,29226698",2026-09-26T02:20:52.877233+00:00,data/raw/search/pubmed_esummary__honey_minimum_inhibitory_concentration_bacteria.json,406820,9f381972287c2b46aaf7f896ecb72b87d26b49477ab0e5cab8b7fd439d51a9cc,public API response (metadata),
pubmed,honey osmotic antibacterial mechanism,https://eutils.ncbi.nlm.nih.gov/entrez/eutils/esearch.fcgi?db=pubmed&retmax=200&retmode=json&term=%28honey%20osmotic%20antibacterial%20mechanism%29%20AND%20%28honey%5BTitle/Abstract%5D%20OR%20honey%5BMeSH%20Terms%5D%29,2026-09-26T02:20:52.877233+00:00,data/raw/search/pubmed_esearch__honey_osmotic_antibacterial_mechanism.json,1797,9764043a1b151f3088f44501daccd20d3355471da1f1a130532e490ee853a176,public API response (metadata),
pubmed,honey osmotic antibacterial mechanism,"https://eutils.ncbi.nlm.nih.gov/entrez/eutils/esummary.fcgi?db=pubmed&retmode=json&id=41159286,33077785,23782759,21859350,21479349",2026-09-26T02:20:52.877233+00:00,data/raw/search/pubmed_esummary__honey_osmotic_antibacterial_mechanism.json,8267,f925745ef20aa7a11f9c2c4debb948b7a652bd4b7c1ea8a56e73ecb3ae3341bd,public API response (metadata),
europepmc,honey dilution antibacterial,https://www.ebi.ac.uk/europepmc/webservices/rest/search?query=%28honey%20dilution%20antibacterial%29%20AND%20%28honey%29&format=json&pageSize=200&resultType=core,2026-09-26T02:20:52.877233+00:00,data/raw/search/europepmc__honey_dilution_antibacterial.json,1429939,89a874fd6176e05c43ee60cdee031b7ff95dad61a2753bf3828cf38e8c35745c,public API response (metadata),
europepmc,honey concentration antibacterial,https://www.ebi.ac.uk/europepmc/webservices/rest/search?query=%28honey%20concentration%20antibacterial%29%20AND%20%28honey%29&format=json&pageSize=200&resultType=core,2026-09-26T02:20:52.877233+00:00,data/raw/search/europepmc__honey_concentration_antibacterial.json,1444824,100fc7002d9b47121abc818a1fb54fdf70ac6fb9bb41357d916a2be866c35343,public API response (metadata),
europepmc,honey hydrogen peroxide dilution,https://www.ebi.ac.uk/europepmc/webservices/rest/search?query=%28honey%20hydrogen%20peroxide%20dilution%29%20AND%20%28honey%29&format=json&pageSize=200&resultType=core,2026-09-26T02:20:52.877233+00:00,data/raw/search/europepmc__honey_hydrogen_peroxide_dilution.json,1438337,cb5d53054e6651b5da828a7e1e64203c3476648ff05aa3aa56b0d304dcd22afc,public API response (metadata),
europepmc,honey glucose oxidase dilution,https://www.ebi.ac.uk/europepmc/webservices/rest/search?query=%28honey%20glucose%20oxidase%20dilution%29%20AND%20%28honey%29&format=json&pageSize=200&resultType=core,2026-09-26T02:20:52.877233+00:00,data/raw/search/europepmc__honey_glucose_oxidase_dilution.json,1400989,3aa661c368afb1429d6650eceff7c8ec9d3d25edd832611248d81c5abd5911cc,public API response (metadata),
europepmc,honey catalase antibacterial,https://www.ebi.ac.uk/europepmc/webservices/rest/search?query=%28honey%20catalase%20antibacterial%29%20AND%20%28honey%29&format=json&pageSize=200&resultType=core,2026-09-26T02:20:52.877233+00:00,data/raw/search/europepmc__honey_catalase_antibacterial.json,1370202,44fea7cd99c20ddc03913d77df4eb449c5ecf2c893c989eb7dd8a78e6671a5f5,public API response (metadata),
europepmc,artificial honey antibacterial,https://www.ebi.ac.uk/europepmc/webservices/rest/search?query=%28artificial%20honey%20antibacterial%29%20AND%20%28honey%29&format=json&pageSize=200&resultType=core,2026-09-26T02:20:52.877233+00:00,data/raw/search/europepmc__artificial_honey_antibacterial.json,1367605,e8afab4ca4e1073d8bfb9fa873fd162d397371e07ddddaff9df6fd0811d7dfc2,public API response (metadata),
europepmc,sugar equivalent honey antibacterial,https://www.ebi.ac.uk/europepmc/webservices/rest/search?query=%28sugar%20equivalent%20honey%20antibacterial%29%20AND%20%28honey%29&format=json&pageSize=200&resultType=core,2026-09-26T02:20:52.877233+00:00,data/raw/search/europepmc__sugar_equivalent_honey_antibacterial.json,1458698,b09abbe0bba3675c39bac4f523a31fffaf5805e7103b763ad28cf00db1426bdd,public API response (metadata),
europepmc,honey water activity antibacterial,https://www.ebi.ac.uk/europepmc/webservices/rest/search?query=%28honey%20water%20activity%20antibacterial%29%20AND%20%28honey%29&format=json&pageSize=200&resultType=core,2026-09-26T02:20:52.877233+00:00,data/raw/search/europepmc__honey_water_activity_antibacterial.json,1449848,ae6d35cae05ef3b1a9f08287320a86021e191bb648d596779bc8070157358bf0,public API response (metadata),
europepmc,honey methylglyoxal MIC,https://www.ebi.ac.uk/europepmc/webservices/rest/search?query=%28honey%20methylglyoxal%20MIC%29%20AND%20%28honey%29&format=json&pageSize=200&resultType=core,2026-09-26T02:20:52.877233+00:00,data/raw/search/europepmc__honey_methylglyoxal_MIC.json,1395762,96354d5ff3bcafe01053ca5ac5556c7df8452c3e861edc838b930e0fe203d7ef,public API response (metadata),
europepmc,honey physicochemical antibacterial,https://www.ebi.ac.uk/europepmc/webservices/rest/search?query=%28honey%20physicochemical%20antibacterial%29%20AND%20%28honey%29&format=json&pageSize=200&resultType=core,2026-09-26T02:20:52.877233+00:00,data/raw/search/europepmc__honey_physicochemical_antibacterial.json,1410281,28ea6ef3ac9b80d70c1aa6d1780226301c8cda837f69a61de28cb950192d81ee,public API response (metadata),
europepmc,medical grade honey concentration antibacterial,https://www.ebi.ac.uk/europepmc/webservices/rest/search?query=%28medical%20grade%20honey%20concentration%20antibacterial%29%20AND%20%28honey%29&format=json&pageSize=200&resultType=core,2026-09-26T02:20:52.877233+00:00,data/raw/search/europepmc__medical_grade_honey_concentration_antibacterial.json,1450923,21cf2d9707d72a9d9146d997a71ceb3fc55b293199e5a0299801629e0e8aa7a0,public API response (metadata),
europepmc,manuka honey dilution hydrogen peroxide,https://www.ebi.ac.uk/europepmc/webservices/rest/search?query=%28manuka%20honey%20dilution%20hydrogen%20peroxide%29%20AND%20%28honey%29&format=json&pageSize=200&resultType=core,2026-09-26T02:20:52.877233+00:00,data/raw/search/europepmc__manuka_honey_dilution_hydrogen_peroxide.json,1399424,dba9d6f96998b6eea1131222b48f311604704651a657896ba928c0e410798edf,public API response (metadata),
europepmc,honey minimum inhibitory concentration bacteria,https://www.ebi.ac.uk/europepmc/webservices/rest/search?query=%28honey%20minimum%20inhibitory%20concentration%20bacteria%29%20AND%20%28honey%29&format=json&pageSize=200&resultType=core,2026-09-26T02:20:52.877233+00:00,data/raw/search/europepmc__honey_minimum_inhibitory_concentration_bacteria.json,1473337,f68ed7cbb514bbd3603ade738cf7d7f0af379508960a15491b54de9462911f14,public API response (metadata),
europepmc,honey osmotic antibacterial mechanism,https://www.ebi.ac.uk/europepmc/webservices/rest/search?query=%28honey%20osmotic%20antibacterial%20mechanism%29%20AND%20%28honey%29&format=json&pageSize=200&resultType=core,2026-09-26T02:20:52.877233+00:00,data/raw/search/europepmc__honey_osmotic_antibacterial_mechanism.json,1412639,7ec9fcfd80e000160c72f57a6cd3e6723c89f46c3c44d77b373d2a5d67f8815c,public API response (metadata),
crossref,honey dilution antibacterial,"https://api.crossref.org/works?rows=100&select=DOI,title,container-title,published,author,type&query=honey%20dilution%20antibacterial%20honey",2026-09-26T02:20:52.877233+00:00,data/raw/search/crossref__honey_dilution_antibacterial.json,46760,2d69c47f2c425578ae96ca6a80adcc3b000a2a432c5075d6951b9a373dc79594,public API response (metadata),
crossref,honey concentration antibacterial,"https://api.crossref.org/works?rows=100&select=DOI,title,container-title,published,author,type&query=honey%20concentration%20antibacterial%20honey",2026-09-26T02:20:52.877233+00:00,data/raw/search/crossref__honey_concentration_antibacterial.json,47773,36e874c53ccc338f71e57484b9b315b156da500fc3666ca06d7756618d63fc97,public API response (metadata),
crossref,honey hydrogen peroxide dilution,"https://api.crossref.org/works?rows=100&select=DOI,title,container-title,published,author,type&query=honey%20hydrogen%20peroxide%20dilution%20honey",2026-09-26T02:20:52.877233+00:00,data/raw/search/crossref__honey_hydrogen_peroxide_dilution.json,43700,0a63a64c9fdb05cb0e03e98e51f701de430840f883fe43ce6a794841c4f4af77,public API response (metadata),
crossref,honey glucose oxidase dilution,"https://api.crossref.org/works?rows=100&select=DOI,title,container-title,published,author,type&query=honey%20glucose%20oxidase%20dilution%20honey",2026-09-26T02:20:52.877233+00:00,data/raw/search/crossref__honey_glucose_oxidase_dilution.json,40132,59b2ef0026f6d98b0858883b1549391c533447afb1ab5ab7ab812071437f6b00,public API response (metadata),
crossref,honey catalase antibacterial,"https://api.crossref.org/works?rows=100&select=DOI,title,container-title,published,author,type&query=honey%20catalase%20antibacterial%20honey",2026-09-26T02:20:52.877233+00:00,data/raw/search/crossref__honey_catalase_antibacterial.json,47511,7ebc600a5c1134cdb5c7d7dfbc167a178c859598964978ef9f452977bdca83b6,public API response (metadata),
crossref,artificial honey antibacterial,"https://api.crossref.org/works?rows=100&select=DOI,title,container-title,published,author,type&query=artificial%20honey%20antibacterial%20honey",2026-09-26T02:20:52.877233+00:00,data/raw/search/crossref__artificial_honey_antibacterial.json,51550,74f3829ee43bc27b4fd37c89ad136d97939b228da6956e7ddbb502374ed39a50,public API response (metadata),
crossref,sugar equivalent honey antibacterial,"https://api.crossref.org/works?rows=100&select=DOI,title,container-title,published,author,type&query=sugar%20equivalent%20honey%20antibacterial%20honey",2026-09-26T02:20:52.877233+00:00,data/raw/search/crossref__sugar_equivalent_honey_antibacterial.json,54728,035301e1207788cf56a8e374b7bef5abbe1afde3219cddd18484cfce55760c43,public API response (metadata),
crossref,honey water activity antibacterial,"https://api.crossref.org/works?rows=100&select=DOI,title,container-title,published,author,type&query=honey%20water%20activity%20antibacterial%20honey",2026-09-26T02:20:52.877233+00:00,data/raw/search/crossref__honey_water_activity_antibacterial.json,57446,eb84df49c63421895887bb3397d2825b3f2b15fe8d26525d30d11c47670a172c,public API response (metadata),
crossref,honey methylglyoxal MIC,"https://api.crossref.org/works?rows=100&select=DOI,title,container-title,published,author,type&query=honey%20methylglyoxal%20MIC%20honey",2026-09-26T02:20:52.877233+00:00,data/raw/search/crossref__honey_methylglyoxal_MIC.json,46888,51a45bf261d969f75adb53403034f3b57ae504259b42aabe958385ef4f8ad25c,public API response (metadata),
crossref,honey physicochemical antibacterial,"https://api.crossref.org/works?rows=100&select=DOI,title,container-title,published,author,type&query=honey%20physicochemical%20antibacterial%20honey",2026-09-26T02:20:52.877233+00:00,data/raw/search/crossref__honey_physicochemical_antibacterial.json,71429,d29ec306f4fccde78ab8594eaf4e833b6f9b24a15338e05ad004619027ccf87f,public API response (metadata),
crossref,medical grade honey concentration antibacterial,"https://api.crossref.org/works?rows=100&select=DOI,title,container-title,published,author,type&query=medical%20grade%20honey%20concentration%20antibacterial%20honey",2026-09-26T02:20:52.877233+00:00,data/raw/search/crossref__medical_grade_honey_concentration_antibacterial.json,63118,58375812a5fdc054645f79fe2136695c27365622188bd6a2d1f3051e70bcc646,public API response (metadata),
crossref,manuka honey dilution hydrogen peroxide,"https://api.crossref.org/works?rows=100&select=DOI,title,container-title,published,author,type&query=manuka%20honey%20dilution%20hydrogen%20peroxide%20honey",2026-09-26T02:20:52.877233+00:00,data/raw/search/crossref__manuka_honey_dilution_hydrogen_peroxide.json,63078,abeec34594b77d611002172093b2ebb29fe141a19ec3a5661e466ef0981b9482,public API response (metadata),
crossref,honey minimum inhibitory concentration bacteria,"https://api.crossref.org/works?rows=100&select=DOI,title,container-title,published,author,type&query=honey%20minimum%20inhibitory%20concentration%20bacteria%20honey",2026-09-26T02:20:52.877233+00:00,data/raw/search/crossref__honey_minimum_inhibitory_concentration_bacteria.json,54566,9b28e1bbe6aed5f57ad58119ef305accf3a629fe4c338cb6bb2cc4815e2d1290,public API response (metadata),
crossref,honey osmotic antibacterial mechanism,"https://api.crossref.org/works?rows=100&select=DOI,title,container-title,published,author,type&query=honey%20osmotic%20antibacterial%20mechanism%20honey",2026-09-26T02:20:52.877233+00:00,data/raw/search/crossref__honey_osmotic_antibacterial_mechanism.json,50074,ba6eb767eb17c94453d6c5cef3b3f0fe65cfe7070243da8e0829e287f24289b3,public API response (metadata),
figshare,honey antibacterial,https://api.figshare.com/v2/articles/search (POST),2026-09-26T02:20:52.877233+00:00,data/raw/search/figshare__honey_antibacterial.json,60709,7171e19c102dc3b514fc5c9d29b2b26ac894ee9a815ce7bebecc133ca8b54949,public API response (metadata),
dryad,honey antibacterial,https://datadryad.org/api/v2/search?query=honey%20antibacterial,2026-09-26T02:20:52.877233+00:00,data/raw/search/dryad__honey_antibacterial.json,127628,78c96867567a303ce4384b3d109b0ddea64105a0829184ff92885e548fd1b6d7,public API response (metadata),
figshare,honey dilution,https://api.figshare.com/v2/articles/search (POST),2026-09-26T02:20:52.877233+00:00,data/raw/search/figshare__honey_dilution.json,61754,ba8c072500f313c0bc0466b8fd32543d6d98f23ef95caee3123656a6812c9438,public API response (metadata),
dryad,honey dilution,https://datadryad.org/api/v2/search?query=honey%20dilution,2026-09-26T02:20:52.877233+00:00,data/raw/search/dryad__honey_dilution.json,127608,d42f0161899a770f06e732c01a7650143f08f71ef57cc433b5af4a77a10685e6,public API response (metadata),
figshare,honey hydrogen peroxide,https://api.figshare.com/v2/articles/search (POST),2026-09-26T02:20:52.877233+00:00,data/raw/search/figshare__honey_hydrogen_peroxide.json,60129,62d8d0e8e356f993e61109b41c3af09271f0c040f391ec2f6a8af0c9901b9136,public API response (metadata),
dryad,honey hydrogen peroxide,https://datadryad.org/api/v2/search?query=honey%20hydrogen%20peroxide,2026-09-26T02:20:52.877233+00:00,data/raw/search/dryad__honey_hydrogen_peroxide.json,127646,af67267ca6edf4356c6e4b113b3ff0dca1a839ed416d3036d86841c466d85e28,public API response (metadata),
figshare,manuka honey MIC,https://api.figshare.com/v2/articles/search (POST),2026-09-26T02:20:52.877233+00:00,data/raw/search/figshare__manuka_honey_MIC.json,30100,ee00209e3c17b9a5a0dfc5479f11e440714d37d2e42a681f135cb30eb6029a80,public API response (metadata),
dryad,manuka honey MIC,https://datadryad.org/api/v2/search?query=manuka%20honey%20MIC,2026-09-26T02:20:52.877233+00:00,data/raw/search/dryad__manuka_honey_MIC.json,127618,3b2ae18c53c2cf5e1cde96d5a601ee9db6a14139fb6db7f4d8983bcb47d01762,public API response (metadata),
zenodo,honey antibacterial,https://zenodo.org/api/records?q=honey+antibacterial&size=25,2026-09-26T02:23:52.896520+00:00,data/raw/search/zenodo__honey_antibacterial.json,188038,230dd72d0d273d85cbb11589155929f0e4d02a9d83ab573b87ced0bdf61498c1,public API response (metadata),
zenodo,honey dilution,https://zenodo.org/api/records?q=honey+dilution&size=25,2026-09-26T02:23:52.896520+00:00,data/raw/search/zenodo__honey_dilution.json,182426,75fde52f996b501bbef2694c3496a4baa1de05409a0aeb69f30fd2959f665d44,public API response (metadata),
zenodo,honey hydrogen peroxide,https://zenodo.org/api/records?q=honey+hydrogen+peroxide&size=25,2026-09-26T02:23:52.896520+00:00,data/raw/search/zenodo__honey_hydrogen_peroxide.json,187275,fe54823866aebb3e81c2575196aef580e4c5c88cf8f589febb59063dbd6d91ef,public API response (metadata),
zenodo,manuka honey MIC,https://zenodo.org/api/records?q=manuka+honey+MIC&size=25,2026-09-26T02:23:52.896520+00:00,data/raw/search/zenodo__manuka_honey_MIC.json,215101,8a2ed6537ec8d90cd5ea89e6a8c3938780f888ab6b1258254a9ab0b1efcc9108,public API response (metadata),
