repo,id,title,doi,year
dryad,193623,Are eastern rock lobsters key predators of long-spined urchins: Stable isotope evidence of diets,doi:10.5061/dryad.2z34tmq34,2026
dryad,155213,Data from: Modelling the fundamental niche to predict the effects of climate warming on interactions between native and invasive mussels in South Africa,doi:10.5061/dryad.8931zcs2q,2026
dryad,180718,Data from: The role of priority access to fruit resources by <em>Drosophila suzukii</em> larvae in interspecific competition with <em>Drosophila melanogaster</em>,doi:10.5061/dryad.mw6m906b5,2026
dryad,176192,Data and code from: Increased demographic turnover and isolation precede social fragmentation in Asian elephants,doi:10.5061/dryad.n5tb2rc95,2026
dryad,185423,Data and code from: Nutrient legacies from elephant megacarcasses create coldspots of biodiversity and hotspots of ecosystem processes,doi:10.5061/dryad.q2bvq841g,2026
dryad,181588,Monotreme development reveals ancestral mechanisms of mammalian middle ear and jaw evolution,doi:10.5061/dryad.9zw3r22w3,2026
dryad,151503,Data from: Nanofiber membranes for enhanced performance and optimization of proton exchange membrane fuel cells,doi:10.5061/dryad.4qrfj6qn2,2026
dryad,193725,Data for: Guard cell size and initial conductance influence stomatal closure kinetics,doi:10.5061/dryad.f7m0cfzcv,2026
dryad,175663,Data from: Auditing shortcut learning and misclassification in AI-based breast cancer genomic subtyping,doi:10.5061/dryad.fj6q57482,2026
dryad,173394,Data from: The IKC-leptin axis functions as a molecular bridge between neurodevelopment and endocrine signaling,doi:10.5061/dryad.z612jm6r9,2026
dryad,182418,Data and code from: Mate choice cues in long-lived monogamous Oriental Storks,doi:10.5061/dryad.9s4mw6mxr,2026
dryad,177305,Data on phenotypic traits from <em>Eragrostis minor</em> and <em>E. albensis</em>,doi:10.5061/dryad.xgxd254vx,2026
dryad,186379,Data from: Extreme drought coincides with population-wide reproductive suppression in an arid-adapted bat,doi:10.5061/dryad.rxwdbrvrg,2026
dryad,190576,Data from: Cross or bounce? Locational and video data reveal high road encounter and altered movement in a common ungulate,doi:10.5061/dryad.51c59zwr4,2026
dryad,109602,Data from: Dietary overlap and selectivity among mountain steppe river fish in the United States and Mongolia,doi:10.5061/dryad.rjdfn2zhk,2026
dryad,165287,Data from: Age-specific genomic and transcriptomic variation reveals limited evidence for <em>cis</em>-regulatory interactions modulating aging in <em>Saccharomyces cerevisiae</em>,doi:10.5061/dryad.34tmpg4x4,2026
dryad,186953,Data from: ET<sub>B</sub> receptors contribute to synchrony between blood pressure and other peripheral circadian rhythms in the Sprague-Dawley rat,doi:10.5061/dryad.dr7sqvbdg,2026
dryad,182261,Data and code from: Competition and soil conditions limit the growth of High Arctic non-native plants,doi:10.5061/dryad.05qfttfj5,2026
dryad,170345,Habitat and plant characteristics affect prokaryotic diversity in epiphytic bromeliad phytotelmata,doi:10.5061/dryad.sf7m0cgm5,2026
dryad,176883,Code from: Novel Arctic colonization origin of the Arctic lineage in <em>Phyllodoce</em> (Ericaceae),doi:10.5061/dryad.7d7wm388w,2026
dryad,182526,"Monitoring of insecticide resistance and transcriptomic analysis of detoxification gene expression in field populations of Asian citrus psyllid, <em>Diaphorina citri</em> Kuwayama, in China",doi:10.5061/dryad.s7h44j1ps,2026
dryad,178562,Linking genomic and phenotypic traits to interaction outcomes in a synthetic phyllosphere community,doi:10.5061/dryad.v6wwpzh9z,2026
dryad,191648,Data: Niche occupancy of Jamaican bat caves: diversity increases isotopic niche packing,doi:10.5061/dryad.05qfttfkb,2026
dryad,168926,Data from: North America defies a global trend of reduced vascular plant diversity in extreme environments: Are Asteraceae responsible?,doi:10.5061/dryad.s1rn8pkmm,2026
dryad,192869,"Data from: Interacting moonlight, weather, and sex influence foraging in a nocturnal insectivore <em>Caprimulgus europaeus</em>",doi:10.5061/dryad.q573n5v0p,2026
dryad,193491,Data and code from: Rapid evolution of body size in response to consistent natural selection in a wild lizard,doi:10.5061/dryad.k6djh9wph,2026
dryad,175377,Data for: Born this way: Individuality is seeded before birth and robust to ecological stress,doi:10.5061/dryad.5mkkwh7jx,2026
dryad,189118,Data from: Impact of aging on neck vasculature and brain biochemistry in female mice,doi:10.5061/dryad.931zcrk2n,2026
dryad,188740,Data and code from: Reproductive drivers of temporal telomere dynamics in female tree swallows,doi:10.5061/dryad.9s4mw6mzb,2026
dryad,184119,Data and code from: Frequent use of empty <em>Parasa lepida</em> cocoons by diverse invertebrates,doi:10.5061/dryad.8sf7m0d4b,2026
dryad,193091,Data and code from: Reestablishment of native top-predator suppresses invasive competitor in coastal Norway,doi:10.5061/dryad.rfj6q57s4,2026
dryad,189423,"Shared ancestry, sexual size dimorphism, and reproductive ecology jointly shape sex differences in adult lifespan in insects",doi:10.5061/dryad.xksn02vxm,2026
dryad,190890,"Data and code from: Vegetation structure and morphology shape the functional diversity of understory bird communities during tropical forest succession, northwest Ecuador",doi:10.5061/dryad.95x69p921,2026
dryad,184331,Data and code from: Acquisition of novel arrays via horizontal gene transfer rewires CRISPR-mediated defense in <em>Pseudomonas aeruginosa</em>,doi:10.5061/dryad.tqjq2bwdr,2026
dryad,161189,Data and code from: Seasonal influence on post-fire debris flow likelihood on the 2020 Lake Fire,doi:10.5061/dryad.vdncjsz6t,2026
dryad,192604,Data from: Spatio-temporal dynamics of ringed seal density and habitat use in the Arctic’s Last Ice Area,doi:10.5061/dryad.ncjsxktc6,2026
dryad,187450,Data from: 5-HT2ARs in layer 5 pyramidal neurons mediate the neuroplastic but not the hallucinogenic effects of psilocybin,doi:10.5061/dryad.tdz08kqfd,2026
dryad,193423,"Data and code from: Population structure and regeneration dynamics of <em>Prunus africana</em> in high-altitude habitats of Volcanoes National Park, Rwanda",doi:10.5061/dryad.wdbrv165t,2026
dryad,193616,Wild pig responses to three intensive culling methods and implications for disease management,doi:10.5061/dryad.k3j9kd5rv,2026
dryad,193306,Data and code from: Speciation by local adaptation and isolation by distance in extended environments,doi:10.5061/dryad.s1rn8pkqm,2026
dryad,180446,What’s all the buzz about? Passive acoustic monitoring of bees,doi:10.5061/dryad.sbcc2frnh,2026
dryad,193556,Data from: Anatomy and mechanics of tsetse fly blood feeding,doi:10.5061/dryad.n02v6wxdh,2026
dryad,192700,"Uptake of fertility preservation among adolescents and young adults diagnosed with cancer: A modified systematic review of rates, determinants, and disparities",doi:10.5061/dryad.63xsj3vhw,2026
dryad,145680,Phylogenomics and the origins of sharks,doi:10.5061/dryad.h70rxwdv5,2026
dryad,191945,Data from: Modeling population vulnerabilities to climate change-driven hurricanes and tropical storms in the North Atlantic Basin,doi:10.5061/dryad.qv9s4mwwq,2026
dryad,185592,Intraspecific competition does not predict horn threshold evolution in introduced populations of the bull-horned dung beetle <em>Onthophagus taurus</em>,doi:10.5061/dryad.70rxwdcdc,2026
dryad,191705,"Fast transient of Pulse Amplitude Modulated (PAM) fluorescence for La Jolla red tide, 2024-2025",doi:10.5061/dryad.dr7sqvbfb,2026
dryad,178630,Data and code from: Simple <em>a posteriori</em> insertion of fossil tips in molecular phylogenies can improve inferences of continuous trait evolution,doi:10.5061/dryad.d51c5b0j6,2026
dryad,183510,Predicting and discovering novel geroprotective compounds through modulating conserved longevity-associated aging modules,doi:10.5061/dryad.t76hdr8g5,2026
dryad,156285,Salt marsh plant community development in a metacommunity experiment in the Wadden Sea,doi:10.5061/dryad.gxd2547z3,2026
dryad,187810,Data from: High roughness and porosity of indoor surfaces increases adsorption capacity and may impact indoor air quality,doi:10.5061/dryad.rv15dv4pv,2026
dryad,189196,"Data from: Detecting diabetic retinopathy through machine learning on electronic health record data from an urban, safety net healthcare system",doi:10.5061/dryad.jwstqjqrm,2026
dryad,174945,Data and code from: Eco-evolutionary feedback to a pesticide worsens the impact of a pesticide switch in a pivotal freshwater non-target species,doi:10.5061/dryad.bzkh189qx,2026
dryad,193216,Data from: Initiation of substance use-related treatments in surgical patients with risky alcohol use,doi:10.5061/dryad.cvdncjtm1,2026
dryad,175306,Data and code from: Extreme heat drives opposing patterns of size-dependent survival across microhabitats,doi:10.5061/dryad.1zcrjdg6j,2026
dryad,191020,Data from: Fluorescence fingerprint data from: Glowing cradles: hatching larvae of the longhorn beetle <em>Schwarzerium quadricolle</em> remain in fluorescent eggshells,doi:10.5061/dryad.hqbzkh1zw,2026
dryad,193465,Data from: Warming and predation drive rapid evolution of ecosystem functioning but not functional traits,doi:10.5061/dryad.k6djh9wpg,2026
dryad,182937,Data from: A genome-wide phylogeny of the family Adrianichthyidae and redescription of the monotypic <em>Horaichthys setnai</em>,doi:10.5061/dryad.2547d7x67,2026
dryad,161224,Data and code from: Structural colour in bees (Hymenoptera: Anthophila) is linked to climate and latitude,doi:10.5061/dryad.h70rxwdwq,2026
dryad,191932,<em>Aedes aegypti</em> and <em>Aedes albopictus</em> mosquito classifier,doi:10.5061/dryad.sf7m0cgpv,2026
dryad,163506,Data and code from: Complex effects of ectoparasites on avian fitness: A meta-analysis,doi:10.5061/dryad.k98sf7mkd,2026
dryad,193490,Data from: Overlapping effects of human-avian conflict: Differentiating neurological symptoms for improved rehabilitation efforts,doi:10.5061/dryad.jq2bvq8sk,2026
dryad,192676,Covariance between biparental plant populations: concept and estimation,doi:10.5061/dryad.zpc866trg,2026
dryad,192665,Data and code from: Grassland set-asides provide nesting habitat for bumble bees in agroecosystems,doi:10.5061/dryad.47d7wm3wj,2026
dryad,191472,Sex-biased interactions between spur-thighed tortoises (<em>Testudo graeca</em>) and hindgut nematodes,doi:10.5061/dryad.d7wm37qhc,2026
dryad,155854,Data and code from: Mapping the global range of stingless bees: Insights into their ecological niches and environmental tolerances,doi:10.5061/dryad.kkwh70sfw,2026
dryad,124284,Effect of prolonged immobility during the COVID-19 pandemic on low back pain (LBP) in the community,doi:10.5061/dryad.6wwpzgn5m,2026
dryad,188201,Nonlinear dynamics and evolutionary regression in cancer,doi:10.5061/dryad.3tx95x6xp,2026
dryad,191970,"Rapid male benefit adaptation in response to sex-limitation, mates, and genetic context in <em>Drosophila melanogaster</em>",doi:10.5061/dryad.r2280gbv8,2026
dryad,178840,Data and code from: Climate-driven spatiotemporal dynamics of potential distribution for <em>Nanorana quadranus</em> in China,doi:10.5061/dryad.34tmpg4zw,2026
dryad,133427,Data from: Impaired hippocampal circuit function underlying memory encoding and consolidation precede robust Aβ deposition in a mouse model of alzheimer's disease,doi:10.5061/dryad.nk98sf821,2026
dryad,176842,Data and code from: Strategic fisheries closure balances harvest opportunity and stock diversity in a large Alaska river basin,doi:10.5061/dryad.b5mkkwht7,2026
dryad,182504,Photosensitized reactions of sulfate ions alter aerosol chemistry and climate effects,doi:10.5061/dryad.2547d7x66,2026
dryad,184263,Data and code from: Non-consumptive effects of odonate predators on pollinators of water lilies,doi:10.5061/dryad.1c59zw4bt,2026
dryad,190233,Data from: Federal authorization of flavored ENDS products has greater potential to benefit public health than complete prohibition: A population health simulation study,doi:10.5061/dryad.pc866t25f,2026
dryad,193440,Data from: Pedigree analyses and genomics unravel a recessive gene variant responsible for coat color anomaly among inbred Scandinavian wolves,doi:10.5061/dryad.h44j0zq35,2026
dryad,150908,Data from: Sustaining health professional education programs: A thematic analysis for the orthotic and prosthetic profession,doi:10.5061/dryad.2v6wwpzzs,2026
dryad,188098,Data from: Time course sensor-based phenotyping can predict Ascochyta blight disease severity in <em>Cicer</em> species,doi:10.5061/dryad.15dv41pbw,2026
dryad,191711,"Data from: Global patterns, drivers, and conservation gaps of freshwater crabs: From species richness to phylogenetic diversity",doi:10.5061/dryad.3n5tb2s17,2026
dryad,185661,Data for: FishChip: Development of a high-throughput qPCR assay for freshwater fish eDNA quantification and its comparison with droplet digital PCR,doi:10.5061/dryad.fqz612k6v,2026
dryad,193330,"Data from: Direct, but not indirect, predation-risk cues deter larval settlement in a scyphozoan jellyfish",doi:10.5061/dryad.g79cnp66v,2026
dryad,192857,Data and code from: Seasonal temperature fluctuation enables persistence of a model multi-trophic system,doi:10.5061/dryad.3tx95x6z6,2026
dryad,190925,Limited global awareness of invasive alien species and little support for their management,doi:10.5061/dryad.sf7m0cgpn,2026
dryad,177401,Data from: Observation-related activity in the human motor cortex increases with effector anthropomorphicity,doi:10.5061/dryad.37pvmcw08,2026
dryad,191971,Data and code from: Shrub species identity modulates plant-arthropod diversity coupling across a dryland aridity gradient,doi:10.5061/dryad.2280gb67x,2026
dryad,192269,"Interview guide from: Women's experiences of emergency post-abortion care at Kawempe National Referral Hospital, Uganda: a qualitative descriptive study",doi:10.5061/dryad.wstqjq32v,2026
dryad,140305,Data from: Evidence for maternal autoantibodies in the pathogenesis of preterm birth,doi:10.5061/dryad.fqz612k24,2026
dryad,192357,Data from: Computational study probable inhibitors for Chikungunya virus nsP2pro,doi:10.5061/dryad.2rbnzs85z,2026
dryad,189112,Data from: Meningeal inflammation and arachnoid barrier breakdown in a mouse model of neonatal bacterial meningitis,doi:10.5061/dryad.s7h44j1qg,2026
dryad,193475,"GenAI-Enabled accounting information systems competence: Antecedents, perceived usefulness, AI ethics awareness, and career readiness outcomes",doi:10.5061/dryad.1g1jwsvdw,2026
dryad,191033,Gaming motivation among college students,doi:10.5061/dryad.hx3ffbgvs,2026
dryad,171736,Data from: Disbudding dairy calves with caustic paste: Assessing the effect of contact duration on the healing process,doi:10.5061/dryad.s7h44j1mw,2026
dryad,185571,Data from: Rethinking predictive suppression: expert pianists show less tactile suppression than musical novices,doi:10.5061/dryad.c59zw3rqz,2026
dryad,185801,Data from: Super-resolution imaging via photon enumeration,doi:10.5061/dryad.f7m0cfzbr,2026
dryad,189669,Data and code from: We are dying to eat you: Cannibalism and disease transmission under global climate change,doi:10.5061/dryad.jdfn2z3sh,2026
dryad,193177,Data from: A table-top few-femtosecond broadband extreme-ultraviolet absorption spectrometer with cryogenic cooling,doi:10.5061/dryad.rbnzs7hv8,2026
dryad,108809,COVID information commons archive,doi:10.5061/dryad.37pvmcvqp,2026
dryad,191901,Code from: Pathogens pull hardest in the coevolutionary arms-race to determine innate age-specific transmission biases,doi:10.5061/dryad.51c59zwrc,2026
dryad,191734,Data from: Fruit abundance and moonlight shape sex-specific nocturnal activity and movement in kinkajous (<em>Potos flavus</em>),doi:10.5061/dryad.x3ffbg82w,2026
dryad,192358,Data from: Site characteristics set the trajectory for biocrust restoration: Identical treatments produce differing outcomes in a North American desert,doi:10.5061/dryad.pc866t25t,2026
figshare,33873211,Sweet and sour synergy : exploring the antibacterial and antibiofilm activity of acetic acid and vinegar combined with medical-grade honeys,10.1099/mic.0.001351,2026
figshare,33755359,Developing novel topical antimicrobial agents for the treatment of biofilm infections,10.31273/wrap.33755359.v1,2026
figshare,32923289,Clinical and postoperative applications of manuka honey in wound healing: an evidence-based review,,2026
figshare,33180873,Additional file 1 of Manuka honey as a multifunctional therapeutic against Helicobacter pylori: from chemical profiling to in vitro potency and in vivo gastroprotective efficacy,10.6084/m9.figshare.33180873.v1,2026
figshare,32785079,Cytotoxic and antibacterial potential of Eucalyptus honey: in vitro assessment on human cancer cell lines and bacterial strains,10.6084/m9.figshare.32785079.v1,2026
figshare,32488794,Honey: an advanced antimicrobial and wound healing biomaterial for tissue engineering applications,,2026
figshare,32485413,Preliminary characterization of a polycaprolactone-surgihoneyRO electrospun mesh for skin tissue engineering,,2026
figshare,31654918,Evidence Summary: Wound management: medical-grade honey,,2026
figshare,31423828,Additional file 1 of The impact of wound pH on the antibacterial properties of Medical Grade Honey when applied to bacterial isolates present in common foot and ankle wounds. An in vitro study,10.6084/m9.figshare.31423828.v1,2026
figshare,31219363,Table 5_Comparative nutritional and antioxidant profiling of Assam honeys: unveiling the untapped bioactivity of stingless bee honey.docx,10.3389/fnut.2025.1737497.s001,2026
figshare,31219348,Table 2_Comparative nutritional and antioxidant profiling of Assam honeys: unveiling the untapped bioactivity of stingless bee honey.docx,10.3389/fnut.2025.1737497.s004,2026
figshare,31219357,Table 3_Comparative nutritional and antioxidant profiling of Assam honeys: unveiling the untapped bioactivity of stingless bee honey.docx,10.3389/fnut.2025.1737497.s003,2026
figshare,31219360,Table 4_Comparative nutritional and antioxidant profiling of Assam honeys: unveiling the untapped bioactivity of stingless bee honey.docx,10.3389/fnut.2025.1737497.s002,2026
figshare,31219342,Table 1_Comparative nutritional and antioxidant profiling of Assam honeys: unveiling the untapped bioactivity of stingless bee honey.docx,10.3389/fnut.2025.1737497.s005,2026
figshare,31119358,Chemical genetic analysis of the synergistic mechanism of kānuka (Kunzea robusta) extract with rapamycin and the impact of the extract on triacylglycerol and phospholipid metabolism,10.26686/s08h-n594,2026
figshare,30717184,Additional file 2 of Comparative assessment of hemolymph composition and bioactivity in different bee species,10.6084/m9.figshare.30717184.v1,2025
figshare,30717181,Additional file 1 of Comparative assessment of hemolymph composition and bioactivity in different bee species,10.6084/m9.figshare.30717181.v1,2025
figshare,30194993,Cascara Pulp: A Novel Ingredient for Healthy Kombucha by Using Honey and Brown Sugar,10.6084/m9.figshare.30194993.v1,2025
figshare,30092377,Data Sheet 1_In vitro evaluation of methylglyoxal as an antibacterial additive to bone cement.pdf,10.3389/fbioe.2025.1661383.s001,2025
figshare,29523038,"Antibacterial activity (inhibition zone diameters in mm) of honey samples against tested bacterial strains at 25%, 50%, and 75% concentrations.",10.1371/journal.pone.0327861.t002,2025
figshare,28971776,"Characterizing the mechanism of action of an ancient antimicrobial, Manuka honey, against Pseudomonas aeruginosa using modern transcriptomics",,2025
figshare,28957607,Microbiocidal activity of selected weak organic acids,,2025
figshare,28666643,"Green and Sustainable
Electrospun Poly(vinyl alcohol)/Eggshell
Nanofiber Membrane with Lemon-Honey for Facial Mask Development",10.1021/acsomega.4c09385.s001,2025
figshare,28415645,Additional file 1 of Antimicrobial and antioxidant potential of Yemeni Sidr honey against multidrug-resistant pathogens – in vitro and in silico studies,10.6084/m9.figshare.28415645.v1,2025
figshare,25079369,Megachile rotundata larval guts Targeted Locus (Loci),,2024
figshare,27579981,Production of bioactive honey from medicinal plants using alternative and conventional production methods,10.25439/rmt.27579981,2024
figshare,27525543,Structural variation in gelatin networks from low to high-solid systems effected by honey addition,,2024
figshare,27517023,Infrared spectroscopy as a rapid tool to detect methylglyoxal and antibacterial activity in Australian honeys,,2024
figshare,27051134,The emerging role of nanoscaffolds in chronic diabetic wound healing: a new horizon for advanced therapeutics,10.6084/m9.figshare.27051134.v1,2024
figshare,26921404,Image_2_PCL-gelatin honey scaffolds promote Staphylococcus aureus agrA expression in biofilms with Pseudomonas aeruginosa.JPEG,10.3389/fmicb.2024.1440658.s002,2024
figshare,26921407,Image_3_PCL-gelatin honey scaffolds promote Staphylococcus aureus agrA expression in biofilms with Pseudomonas aeruginosa.JPEG,10.3389/fmicb.2024.1440658.s003,2024
figshare,26921410,Presentation_1_PCL-gelatin honey scaffolds promote Staphylococcus aureus agrA expression in biofilms with Pseudomonas aeruginosa.pdf,10.3389/fmicb.2024.1440658.s004,2024
figshare,26921398,Image_1_PCL-gelatin honey scaffolds promote Staphylococcus aureus agrA expression in biofilms with Pseudomonas aeruginosa.JPEG,10.3389/fmicb.2024.1440658.s001,2024
figshare,26353132,The rapid evaporative ionisation mass spectrometry metabolite fingerprint of <i>Leptospermum </i>honey is strongly associated with geographic origin,10.57935/AGR.26353132.v1,2024
figshare,26311717,An extra honey polyphenols-rich diet ameliorates the high-fat diet induced chronic kidney disease via modulating gut microbiota in C57BL/6 mice,10.6084/m9.figshare.26311717.v1,2024
figshare,26297407,Antibacterial and antibiofilm activities of Sarawak stingless bee honey against Pseudomonas aeruginosa,10.25916/sut.26297407.v1,2024
figshare,26296341,"Chemical characterisation, thermal analysis, and antibacterial activity of honeys from Caatinga stingless bees of <i>Melipona</i> spp.",10.6084/m9.figshare.26296341.v1,2024
figshare,23664588,Quality assessment of New Zealand mānuka honey using hyperspectral imaging combined with deep learning,10.57935/AGR.23664588.v1,2024
figshare,25881722,All data collected in this study.,10.1371/journal.pone.0303095.s001,2024
figshare,25820613,Minimum bacteriostatic and bactericidal concentrations.,10.1371/journal.pone.0301201.s012,2024
figshare,25820610,Average inhibition of the stingless bee honey.,10.1371/journal.pone.0301201.s011,2024
figshare,25820607,Mean inhibition of the stingless bee honey.,10.1371/journal.pone.0301201.s010,2024
figshare,25820604,Biochemical tests.,10.1371/journal.pone.0301201.s009,2024
figshare,25820601,Proportion of Gram staining reactions of bacterial isolates.,10.1371/journal.pone.0301201.s008,2024
figshare,25820598,Cultural proportion of bacterial isolates.,10.1371/journal.pone.0301201.s007,2024
figshare,25820595,Antibacterial activity of commonly used antibiotics.,10.1371/journal.pone.0301201.s006,2024
figshare,25820592,Phytochemical nutritive properties of stingless honey.,10.1371/journal.pone.0301201.s005,2024
figshare,25820589,Physicochemical nutritive properties of stingless honey.,10.1371/journal.pone.0301201.s004,2024
figshare,25820586,Physicochemical nutritive properties of stingless bee honey.,10.1371/journal.pone.0301201.s003,2024
figshare,25820583,Physicochemical nutritive properties of stingless bee honey.,10.1371/journal.pone.0301201.s002,2024
figshare,25820580,Agarose rose gel (1%) electrophoresis.,10.1371/journal.pone.0301201.s001,2024
figshare,25712798,Intestinal microbial diversity in domestic honey bees and evaluation of their probiotic properties,10.6084/m9.figshare.25712798.v1,2024
figshare,25438668,Quantum dot-based fluorescence-linked immunosorbent assay for the rapid detection of lomefloxacin in animal-derived foods,10.6084/m9.figshare.25438668.v1,2024
figshare,25267324,"Table1_Comparative evaluation of antioxidant activity, total phenolic content, anti-inflammatory, and antibacterial potential of Euphorbia-derived functional products.docx",10.3389/fphar.2024.1345340.s001,2024
figshare,25209009,Differential expression of antimicrobial peptide encoding genes of honey bee (<i>Apis mellifera</i>) after Varroa mite (<i>Varroa destructor</i>) infestation,10.6084/m9.figshare.25209009.v1,2024
figshare,24757130,"Layer-by-Layer Coatings
of Collagen–Hyaluronic
acid Loaded with an Antibacterial Manuka Honey Bioactive Compound
to Fight Metallic Implant Infections",10.1021/acsami.3c11910.s001,2023
figshare,24469041,Selected biochemical characteristics of New Caledonian honey samples (n = 33).,10.1371/journal.pone.0293730.t003,2023
figshare,24469038,Physicochemical and organoleptic characteristics of New Caledonian honey samples (n = 33).,10.1371/journal.pone.0293730.t002,2023
figshare,24469035,Melissopalynological analysis of collected New Caledonian honey samples (n = 33).,10.1371/journal.pone.0293730.t001,2023
figshare,24469032,Antibacterial activity of selected New Caledonian honey samples (n = 8) against <i>Staphylococcus aureus</i> after bacterial re-inoculation at 4 h.,10.1371/journal.pone.0293730.g007,2023
figshare,24469029,Generation of hydrogen peroxide (H<sub>2</sub>O<sub>2</sub>) in diluted honey samples during 3 hours of incubation.,10.1371/journal.pone.0293730.g006,2023
figshare,24469026,Twenty-four-hour pattern of the generation of hydrogen peroxide (H<sub>2</sub>O<sub>2</sub>) in diluted honey samples.,10.1371/journal.pone.0293730.g005,2023
figshare,24469023,Antibacterial activity of selected New Caledonian honey samples (n = 8) following catalase treatment against <i>Staphylococcus aureus</i>.,10.1371/journal.pone.0293730.g004,2023
figshare,24469020,Bactericidal effects of selected New Caledonian honey samples (n = 8) at their minimal inhibitory concentrations (MICs) at different time points against <i>Staphylococcus aureus</i>.,10.1371/journal.pone.0293730.g003,2023
figshare,24469017,Bioplot of the principal components analysis of honey from different botanical origins.,10.1371/journal.pone.0293730.g002,2023
figshare,24469014,Antibacterial activity of New Caledonian (n = 33) and manuka (UMF 15+ and MGO 550+) honey samples.,10.1371/journal.pone.0293730.g001,2023
figshare,24469011,Raw SDS-PAGE gels.,10.1371/journal.pone.0293730.s003,2023
figshare,24469008,Qualitative pollen analysis of collected New Caledonian honey samples (n = 33).,10.1371/journal.pone.0293730.s002,2023
figshare,24469005,Detailed representative analysis of SDS-PAGE protein profiles of collected New Caledonian honey samples (n = 33).,10.1371/journal.pone.0293730.s001,2023
figshare,24356116,Image_3_Combinatorial efficacy of Manuka honey and antibiotics in the in vitro control of staphylococci and their small colony variants.jpg,10.3389/fcimb.2023.1219984.s003,2023
figshare,24356110,Image_1_Combinatorial efficacy of Manuka honey and antibiotics in the in vitro control of staphylococci and their small colony variants.jpg,10.3389/fcimb.2023.1219984.s001,2023
figshare,24356113,Image_2_Combinatorial efficacy of Manuka honey and antibiotics in the in vitro control of staphylococci and their small colony variants.jpg,10.3389/fcimb.2023.1219984.s002,2023
figshare,23522884,Antibacterial effects of propolis and brood comb extracts on the causative agent of European Foulbrood (<i>Melissococcus plutonius</i>) in honey bees (<i>Apis mellifera</i>),10.6084/m9.figshare.23522884.v1,2023
figshare,23012354,Genetic variation in flowering traits of Tasmanian Leptospermum scoparium and association with provenance home site climatic factors,,2023
figshare,22808318,Table_1_Antibacterial and wound-healing action of Ulmo honey (Eucryphia cordifolia) of differing degrees of purity.DOCX,10.3389/fvets.2023.1172025.s001,2023
figshare,22802462,Data_Sheet_1_Antioxidant and antibacterial activity of Apis laboriosa honey against Salmonella enterica serovar Typhimurium.docx,10.3389/fnut.2023.1181492.s001,2023
figshare,22269262,Electrospinning of honey and propolis for wound care,,2023
figshare,21657605,Honey as an effective antimicrobial treatment for chronic wounds: is there a place for it in modern medicine?,,2022
figshare,21426390,Table_1_In vitro and in vivo synergistic effect of chrysin in combination with colistin against Acinetobacter baumannii.DOCX,10.3389/fmicb.2022.961498.s001,2022
figshare,20984680,The Antibacterial Activity of Honey,10.25401/cardiffmet.20984680.v1,2022
figshare,20985106,The Effect of Manuka Honey on the Cell Cycle of MRSA,10.25401/cardiffmet.20985106.v1,2022
figshare,19387442,Murray et al 2022 - Antibacterial effects of propolis and brood comb extracts on the causative agent of European Foulbrood (Melissococcus plutonius) in honey bees (Apis mellifera) - Supplemental Data and Figures,10.6084/m9.figshare.19387442.v4,2022
figshare,20678059,"Additional file 1 of Antibacterial interactions between two monofloral honeys and several topical antiseptics, including essential oils",10.6084/m9.figshare.20678059.v1,2022
figshare,20397952,Antibacterial activity of multifloral honey amended with concentrations of MGO ranging from 50 to 1000 mg/kg.,10.1371/journal.pone.0272376.t005,2022
figshare,20397949,"Antibacterial activity of manuka/<i>Leptospermum</i> honeys and comparators, including minimum inhibitory concentrations, total activity and non-peroxide activity.",10.1371/journal.pone.0272376.t004,2022
figshare,20397946,"Pearson correlation matrix showing relationships between physicochemical properties, antibacterial and antioxidant activities of manuka/<i>Leptospermum</i> honeys.",10.1371/journal.pone.0272376.t003,2022
figshare,20397940,"Floral source, country of origin and MGO levels as stated on product labels, for manuka/<i>Leptospermum</i> honeys and comparators.",10.1371/journal.pone.0272376.t001,2022
figshare,20397943,"Physicochemical properties, MGO, DHA and HMF content, and antioxidant activity of manuka/<i>Leptospermum</i> and comparator honeys.",10.1371/journal.pone.0272376.t002,2022
figshare,20397937,"Time kill curves of thee manuka honeys with varying MGO content, a multifloral honey and artificial honey against <i>S</i>. <i>aureus</i> ATCC 29213 and <i>E</i>. <i>coli</i> ATCC 25922.",10.1371/journal.pone.0272376.g003,2022
figshare,20397934,Heat maps of checkerboards showing multifloral honey in combination with MGO.,10.1371/journal.pone.0272376.g002,2022
figshare,20397931,Heat maps of relative optical density at 24 h for selected manuka honeys and multifloral honey.,10.1371/journal.pone.0272376.g001,2022
figshare,20397928,S1 Table -  ,10.1371/journal.pone.0272376.s001,2022
figshare,19935926,"Honeys derived from plants of the coastal sandplains of Western Australia: antibacterial and antioxidant activity, and other characteristics",10.6084/m9.figshare.19935926.v1,2022
figshare,19780165,On the antibacterial effects of manuka honey: mechanistic insights,,2022
figshare,10768655,"Comparison of the antimicrobial activity of Ulmo honey from Chile and Manuka honey against methicillin-resistant Staphylococcus aureus, Escherichia coli and Pseudomonas aeruginosa.",,2022
figshare,19113791,Data_Sheet_1_Identification of Antimicrobial Compounds in Two Streptomyces sp. Strains Isolated From Beehives.PDF,10.3389/fmicb.2022.742168.s001,2022
figshare,18551396,Table_2_Use of Transposon Directed Insertion-Site Sequencing to Probe the Antibacterial Mechanism of a Model Honey on E. coli K-12.DOCX,10.3389/fmicb.2021.803307.s002,2022
figshare,18551393,Table_1_Use of Transposon Directed Insertion-Site Sequencing to Probe the Antibacterial Mechanism of a Model Honey on E. coli K-12.XLSX,10.3389/fmicb.2021.803307.s001,2022
figshare,17707400,"Total
Synthesis and Biological Evaluation of Paenilamicins
from the Honey Bee Pathogen <i>Paenibacillus larvae</i>",10.1021/jacs.1c09616.s001,2021
figshare,17026058,DataSheet1_In situ Forming Hyperbranched PEG—Thiolated Hyaluronic Acid Hydrogels With Honey-Mimetic Antibacterial Properties.pdf,10.3389/fbioe.2021.742135.s001,2021
